[Header],,,,,,,,,,,,,,,,,,,,,,,,,,,,,,,,,,,,,,,,,,,,,,,,,,,
; VSM Data File (default extension .dat),,,,,,,,,,,,,,,,,,,,,,,,,,,,,,,,,,,,,,,,,,,,,,,,,,,
; Copyright (c) 2003-2018, Quantum Design, Inc. All rights reserved.,,,,,,,,,,,,,,,,,,,,,,,,,,,,,,,,,,,,,,,,,,,,,,,,,
TITLE,,,,,,,,,,,,,,,,,,,,,,,,,,,,,,,,,,,,,,,,,,,,,,,,,,,
FILEOPENTIME,3968302493,9/29/2025,10:19 AM,,,,,,,,,,,,,,,,,,,,,,,,,,,,,,,,,,,,,,,,,,,,,,,,
BYAPP,VSM,2,3,,,,,,,,,,,,,,,,,,,,,,,,,,,,,,,,,,,,,,,,,,,,,,,,
INFO,VersaLab VSM Option Release 1.5.2 Build 1,APPNAME,,,,,,,,,,,,,,,,,,,,,,,,,,,,,,,,,,,,,,,,,,,,,,,,,
INFO,Quantum Design Linear Motor Servo Controller,MOTOR_MODULE_NAME,,,,,,,,,,,,,,,,,,,,,,,,,,,,,,,,,,,,,,,,,,,,,,,,,
INFO,3101-100 J0,MOTOR_HW_VERSION,,,,,,,,,,,,,,,,,,,,,,,,,,,,,,,,,,,,,,,,,,,,,,,,,
INFO,MMC727,MOTOR_SERIAL_NUMBER,,,,,,,,,,,,,,,,,,,,,,,,,,,,,,,,,,,,,,,,,,,,,,,,,
INFO,SRV No X-over 01.03.11,MOTOR_SOFTWARE_VERSION,,,,,,,,,,,,,,,,,,,,,,,,,,,,,,,,,,,,,,,,,,,,,,,,,
INFO,Quantum Design VSM Detection Module,VSM_MODULE_NAME,,,,,,,,,,,,,,,,,,,,,,,,,,,,,,,,,,,,,,,,,,,,,,,,,
INFO,3101-150 F0,VSM_HW_VERSION,,,,,,,,,,,,,,,,,,,,,,,,,,,,,,,,,,,,,,,,,,,,,,,,,
INFO,VSM217,VSM_SERIAL_NUMBER,,,,,,,,,,,,,,,,,,,,,,,,,,,,,,,,,,,,,,,,,,,,,,,,,
INFO,VSM No X-over 01.02.05 May 20 2008 13:51:47,VSM_SOFTWARE_VERSION,,,,,,,,,,,,,,,,,,,,,,,,,,,,,,,,,,,,,,,,,,,,,,,,,
INFO,620,PREAMP_SERIAL_NUMBER,,,,,,,,,,,,,,,,,,,,,,,,,,,,,,,,,,,,,,,,,,,,,,,,,
INFO,Quantum Design VSM Oven Module,OVEN_MODULE_NAME,,,,,,,,,,,,,,,,,,,,,,,,,,,,,,,,,,,,,,,,,,,,,,,,,
INFO,unknown,OVEN_HW_VERSION,,,,,,,,,,,,,,,,,,,,,,,,,,,,,,,,,,,,,,,,,,,,,,,,,
INFO,,OVEN_SERIAL_NUMBER,,,,,,,,,,,,,,,,,,,,,,,,,,,,,,,,,,,,,,,,,,,,,,,,,
INFO,unknown,OVEN_SOFTWARE_VERSION,,,,,,,,,,,,,,,,,,,,,,,,,,,,,,,,,,,,,,,,,,,,,,,,,
INFO,725,COIL_SERIAL_NUMBER,,,,,,,,,,,,,,,,,,,,,,,,,,,,,,,,,,,,,,,,,,,,,,,,,
INFO,0,MOMENT_UNITS,,,,,,,,,,,,,,,,,,,,,,,,,,,,,,,,,,,,,,,,,,,,,,,,,
INFO,,SAMPLE_MATERIAL,,,,,,,,,,,,,,,,,,,,,,,,,,,,,,,,,,,,,,,,,,,,,,,,,
INFO,,SAMPLE_COMMENT,,,,,,,,,,,,,,,,,,,,,,,,,,,,,,,,,,,,,,,,,,,,,,,,,
INFO,3.3,SAMPLE_MASS,,,,,,,,,,,,,,,,,,,,,,,,,,,,,,,,,,,,,,,,,,,,,,,,,
INFO,,SAMPLE_VOLUME,,,,,,,,,,,,,,,,,,,,,,,,,,,,,,,,,,,,,,,,,,,,,,,,,
INFO,,SAMPLE_MOLECULAR_WEIGHT,,,,,,,,,,,,,,,,,,,,,,,,,,,,,,,,,,,,,,,,,,,,,,,,,
INFO,,SAMPLE_SIZE,,,,,,,,,,,,,,,,,,,,,,,,,,,,,,,,,,,,,,,,,,,,,,,,,
INFO,,SAMPLE_SHAPE,,,,,,,,,,,,,,,,,,,,,,,,,,,,,,,,,,,,,,,,,,,,,,,,,
DATATYPE,COMMENT,1,,,,,,,,,,,,,,,,,,,,,,,,,,,,,,,,,,,,,,,,,,,,,,,,,
DATATYPE,TIME,2,,,,,,,,,,,,,,,,,,,,,,,,,,,,,,,,,,,,,,,,,,,,,,,,,
STARTUPAXIS,X,2,,,,,,,,,,,,,,,,,,,,,,,,,,,,,,,,,,,,,,,,,,,,,,,,,
STARTUPAXIS,Y1,5,,,,,,,,,,,,,,,,,,,,,,,,,,,,,,,,,,,,,,,,,,,,,,,,,
[Data],,,,,,,,,,,,,,,,,,,,,,,,,,,,,,,,,,,,,,,,,,,,,,,,,,,
Comment,Time Stamp (sec),Temperature (K),Magnetic Field (Oe),Moment (emu),M. Std. Err. (emu),Transport Action,Averaging Time (sec),Frequency (Hz),Peak Amplitude (mm),Center Position (mm),Coil Signal' (mV),"Coil Signal"" (mV)",Range (mV),M. Quad. Signal (emu),M. Raw' (emu),"M. Raw"" (emu)",Min. Temperature (K),Max. Temperature (K),Min. Field (Oe),Max. Field (Oe),Mass (grams),Motor Lag (deg),Pressure (Torr),VSM Status (code),Motor Status (code),Measure Status (code),Measure Count,System Temp. (K),Temp. Status (code),Field Status (code),Chamber Status (code),Position Status (code),Compressor Status (code),Motor Current (amps),Motor Heatsink Temp. (C),Map 01,Map 02,Map 03,Map 04,Map 05,Map 06,Map 07,Map 08,Map 09,Map 10,Map 11,Map 12,Map 13,Map 14,Map 15,Map 16
sample offset = 32.64 mm touchdown = 9.18999966233969 mm,3968303145,299.9482422,-0.011940948,-0.000817119,1.13E-06,1,0.999551974,38.01703262,1.772288678,17.34000072,-0.007575558,-0.00126563,0.25,1.83E-06,-0.000817099,1.31E-06,299.9482422,299.9482422,-0.016703004,-0.007178892,54.68116795,18.04272169,40.27075195,0,0,0,38,299.988739,1,4,1,,,1.701049805,42.03323746,,,,,,,,,,,,,,,,
,3968303152,299.9496765,1.990503177,-0.000827509,3.83E-07,1,0.999551974,38.01703262,1.772179219,17.34000072,-0.007671299,-0.001282392,0.25,1.77E-06,-0.000827489,1.25E-06,299.9502563,299.9502563,0.221399754,3.7596066,54.67882306,18.04380353,40.27939987,0,0,0,38,299.9867249,1,6,1,,,1.699829102,43.01075363,,,,,,,,,,,,,,,,
,3968303153,299.949173,21.95065939,0.003403635,0.000416023,1,0.999551974,38.01703262,1.772147033,17.34000072,0.031471159,0.005753739,0.25,4.44E-05,0.00340352,4.66E-05,299.9490967,299.9490967,3.7596066,40.14171219,54.42792031,18.0441182,40.29480362,0,0,0,38,299.9875793,1,6,1,,,1.701660156,43.49951172,,,,,,,,,,,,,,,,
,3968303154,299.9494629,64.98773384,0.013419157,0.000404913,1,0.999551974,38.01703262,1.772147033,17.34000072,0.124275912,0.021516555,0.25,4.91E-05,0.013418782,5.76E-05,299.9492493,299.9492493,40.14171219,89.83375549,54.69836378,18.0441182,40.30777359,0,0,0,38,299.9867249,1,6,1,,,1.701660156,43.98826981,,,,,,,,,,,,,,,,
,3968303157,299.9490967,232.9573135,0.031694999,0.000357374,1,0.999551974,38.01703262,1.772117701,17.34000072,0.293631454,0.049996725,2.5,2.78E-05,0.031694171,4.78E-05,299.9485168,299.9485168,229.9381714,235.9764557,54.74369823,18.04502709,40.31263733,0,0,0,38,299.987854,1,6,1,,,1.701507568,43.49951172,,,,,,,,,,,,,,,,
,3968303160,299.9480286,388.8622589,0.070489731,0.000292362,1,0.999551974,38.01703262,1.772131034,17.34000072,0.653158572,0.110503444,2.5,-1.27E-05,0.070487937,3.17E-05,299.948822,299.948822,339.6654663,438.0590515,54.81091828,18.04437185,40.32669067,0,0,0,38,299.9875793,1,6,1,,,1.700744629,44.47702789,,,,,,,,,,,,,,,,
,3968303163,299.9488068,514.1233521,0.083948303,0.000268013,1,0.999551974,38.01703262,1.772091071,17.34000072,0.777853796,0.131568455,2.5,-1.85E-05,0.083946167,3.45E-05,299.9485168,299.9485168,486.4891357,541.7575684,54.62254581,18.04590552,40.30236816,0,0,0,38,299.9867249,1,6,1,,,1.700897217,44.96578979,,,,,,,,,,,,,,,,
,3968303166,299.9494629,664.5328674,0.102271127,0.000239492,1,0.999551974,38.01703262,1.772034612,17.34000072,0.947615009,0.160197567,2.5,-3.14E-05,0.102268529,3.31E-05,299.9492493,299.9492493,640.2654419,688.800293,54.67960469,18.04647393,40.32749939,0,0,0,38,299.9882813,1,6,1,,,1.700897217,44.47702789,,,,,,,,,,,,,,,,
,3968303170,299.948822,861.6152649,0.12339627,0.000202676,1,0.999551974,38.01703262,1.772022118,17.34000072,1.143384972,0.193060523,2.5,-6.23E-05,0.123393154,1.56E-05,299.9494019,299.9494019,836.5715942,886.6589355,54.72024937,18.0448482,40.33587646,0,0,0,38,299.9867249,1,6,1,,,1.701660156,44.96578979,,,,,,,,,,,,,,,,
,3968303174,299.9472351,1077.155396,0.136992412,0.000173177,1,0.999551974,38.01703262,1.771972905,17.34000072,1.269960972,0.214380798,25,-7.46E-05,0.136988962,1.18E-05,299.9472351,299.9472351,1077.155396,1077.155396,54.66866189,18.04789023,40.35398102,0,0,0,38,299.9871521,1,6,1,,,1.698608398,44.47702789,,,,,,,,,,,,,,,,
,3968303178,299.9496002,1262.932739,0.15583701,0.000136786,1,0.999551974,38.01703262,1.771998076,17.34000072,1.444681905,0.243839945,25,-8.86E-05,0.155833077,9.76E-06,299.9499512,299.9499512,1238.5177,1287.347778,54.63817838,18.04903177,40.34749603,0,0,0,38,299.9882813,1,6,1,,,1.703796387,45.45454788,,,,,,,,,,,,,,,,
,3968303184,299.9494629,1559.744446,0.172411458,9.65E-05,1,0.999551974,38.01703262,1.771981105,17.34000072,1.5983329,0.269694253,25,-0.000106316,0.172407113,2.44E-06,299.9492493,299.9492493,1532.303101,1587.185791,54.71477797,18.04978626,40.35938644,0,0,0,38,299.984436,1,6,1,,,1.697235107,44.96578979,,,,,,,,,,,,,,,,
,3968303189,299.9493256,1802.868713,0.182077977,6.80E-05,1,0.999551974,38.01703262,1.771984945,17.34000072,1.687950134,0.284812171,25,-0.000112653,0.18207339,2.20E-06,299.9498291,299.9498291,1778.06311,1827.674316,54.7100882,18.04791541,40.37722397,0,0,0,38,299.9873047,1,6,1,,,1.70135498,45.94330597,,,,,,,,,,,,,,,,
,3968303195,299.9480896,2105.352051,0.189846541,4.39E-05,1,0.999551974,38.01703262,1.771966066,17.34000072,1.759948499,0.296970556,25,-0.000116416,0.189841764,3.34E-06,299.9476624,299.9476624,2080.548828,2130.155273,54.7702736,18.0496873,40.39640808,0,0,0,38,299.9882813,1,6,1,,,1.699981689,46.43206406,,,,,,,,,,,,,,,,
,3968303201,299.9476624,2402.780518,0.19474853,3.10E-05,1,0.999551974,38.01703262,1.771951202,17.34000072,1.805396123,0.304522945,25,-0.000131622,0.19474364,-8.78E-06,299.9476624,299.9476624,2377.991699,2427.569336,54.97896841,18.04919526,40.39667892,0,0,0,38,299.9890137,1,6,1,,,1.703796387,45.94330597,,,,,,,,,,,,,,,,
,3968303208,299.9475403,2751.932129,0.198400351,2.45E-05,1,0.999551974,38.01703262,1.771957894,17.34000072,1.839238545,0.31034192,25,-0.000122479,0.198395363,2.66E-06,299.947113,299.947113,2727.84082,2776.023438,54.93363396,18.04973489,40.42316437,0,0,0,38,299.9871521,1,6,1,,,1.700744629,46.43206406,,,,,,,,,,,,,,,,
,3968303216,299.9494629,3149.658813,0.201066998,1.62E-05,1,0.999551974,38.01703262,1.772003545,17.34000072,1.864003655,0.314536234,25,-0.000122481,0.201061932,4.33E-06,299.9490967,299.9490967,3125.043701,3174.273926,54.92034628,18.04856672,40.44748306,0,0,0,38,299.987854,1,6,1,,,1.695709229,46.92082214,,,,,,,,,,,,,,,,
,3968303224,299.9487457,3547.592773,0.202869051,1.63E-05,1,0.999551974,38.01703262,1.771936138,17.34000072,1.880633692,0.317378579,25,-0.00011978,0.202863942,8.16E-06,299.9492493,299.9492493,3523.594482,3571.591064,54.91800139,18.05120878,40.44694138,0,0,0,38,299.9858704,1,6,1,,,1.702270508,47.40958023,,,,,,,,,,,,,,,,
,3968303232,299.9495392,3947.3125,0.204184588,1.60E-05,1,0.999551974,38.01703262,1.771869679,17.34000072,1.892777694,0.319316761,25,-0.000132219,0.204179449,-3.46E-06,299.9498291,299.9498291,3925.483154,3969.141846,54.78356128,18.05201661,40.45991516,0,0,0,38,299.987854,1,6,1,,,1.698455811,47.89833832,,,,,,,,,,,,,,,,
,3968303241,299.947876,4392.186035,0.205291009,2.08E-05,1,0.999551974,38.01703262,1.771878456,17.34000072,1.903039713,0.321070833,25,-0.000130532,0.205285851,-1.08E-06,299.9476624,299.9476624,4367.559082,4416.812988,54.83358551,18.05296203,40.48477554,0,0,0,38,299.9891663,1,6,1,,,1.704864502,47.40958023,,,,,,,,,,,,,,,,
,3968303250,299.9476013,4843.612305,0.206144694,1.88E-05,1,0.999551974,38.01703262,1.771865257,17.34000072,1.910938391,0.322409654,25,-0.000130416,0.206139516,-4.34E-07,299.9472351,299.9472351,4815.887695,4871.336914,55.04306195,18.05270989,40.50504303,0,0,0,38,299.9907227,1,6,1,,,1.703338623,47.89833832,,,,,,,,,,,,,,,,
,3968303259,299.9488831,5290.82666,0.206843877,1.04E-05,1,0.999551974,38.01703262,1.771847982,17.34000072,1.917405441,0.323475994,25,-0.000133447,0.206838677,-3.03E-06,299.9485168,299.9485168,5266.406738,5315.246582,54.87657508,18.05513814,40.5120697,0,0,0,38,299.9898682,1,6,1,,,1.701965332,48.38709641,,,,,,,,,,,,,,,,
,3968303269,299.9511719,5788.311035,0.207472338,1.27E-05,1,0.999551974,38.01703262,1.771861919,17.34000072,1.923225265,0.324582994,25,-0.000120712,0.207467102,1.01E-05,299.9515381,299.9515381,5763.698242,5812.923828,54.86641391,18.05399585,40.52828217,0,0,0,38,299.984436,1,6,1,,,1.701965332,47.89833832,,,,,,,,,,,,,,,,
,3968303280,299.9495392,6330.485596,0.208021967,1.07E-05,1,0.999551974,38.01703262,1.771887794,17.34000072,1.928386932,0.325217053,25,-0.000145888,0.208016743,-1.48E-05,299.9492493,299.9492493,6303.068359,6357.902832,54.83358551,18.05356501,40.51963425,0,0,0,38,299.9842834,1,6,1,,,1.704864502,48.87585831,,,,,,,,,,,,,,,,
,3968303291,299.9506073,6877.919434,0.208501462,1.26E-05,1,0.999551974,38.01703262,1.771844956,17.34000072,1.932766017,0.32607736,25,-0.000133438,0.208496212,-2.01E-06,299.9509583,299.9509583,6852.718262,6903.120605,54.91800139,18.05298467,40.55503464,0,0,0,38,299.9827271,1,6,1,,,1.701660156,49.36461639,,,,,,,,,,,,,,,,
,3968303303,299.9492493,7475.578613,0.20909273,1.85E-05,1,0.999551974,38.01703262,1.784046176,17.34000072,1.951326877,0.329161865,25,-0.000138691,0.209087477,-6.91E-06,299.9492493,299.9492493,7451.14209,7500.015137,55.02821101,18.06192107,40.57719421,0,0,0,38,299.9832764,1,6,1,,,1.70425415,49.36461639,,,,,,,,,,,,,,,,
,3968303315,299.9497375,8071.616211,0.209477354,1.93E-05,1,0.999551974,38.01703262,1.783996962,17.34000072,1.954893605,0.329580732,25,-0.000157978,0.209472102,-2.60E-05,299.9503784,299.9503784,8046.603516,8096.628906,55.08136175,18.06172978,40.59124756,0,0,0,38,299.9835815,1,6,1,,,1.707305908,49.85337448,,,,,,,,,,,,,,,,
,3968303327,299.9519653,8671.639648,0.209808411,1.79E-05,1,0.999551974,38.01703262,1.784004061,17.34000072,1.957979595,0.330168047,25,-0.000151228,0.209803136,-1.90E-05,299.9519653,299.9519653,8647.212891,8696.066406,54.96880724,18.06194738,40.59854507,0,0,0,38,299.9805603,1,6,1,,,1.70501709,49.36461639,,,,,,,,,,,,,,,,
,3968303340,299.9532623,9317.776855,0.21012869,1.53E-05,1,0.999551974,38.01703262,1.783951656,17.34000072,1.960871003,0.330904848,25,-0.000125475,0.210123383,6.92E-06,299.9535522,299.9535522,9293.594727,9341.958984,55.11653503,18.06365207,40.6374588,0,0,0,38,299.9735718,1,6,1,,,1.707000732,49.85337448,,,,,,,,,,,,,,,,
,3968303353,299.9516754,9967.998535,0.210418853,1.29E-05,1,0.999551974,38.01703262,1.783945955,17.34000072,1.96359534,0.331227027,25,-0.000139968,0.210413558,-7.40E-06,299.9519653,299.9519653,9943.769531,9992.227539,54.99929076,18.06453535,40.65394211,0,0,0,38,299.9764099,1,6,1,,,1.70791626,49.85337448,,,,,,,,,,,,,,,,
,3968303367,299.9507446,10666.34375,0.210700022,1.66E-05,1,0.999551974,38.01703262,1.783901557,17.34000072,1.96616098,0.33172256,25,-0.000133601,0.210694723,-8.75E-07,299.9506836,299.9506836,10642.0957,10690.5918,55.13920226,18.06270691,40.66556168,0,0,0,38,299.9772949,1,6,1,,,1.702270508,50.83089066,,,,,,,,,,,,,,,,
,3968303381,299.952179,11361.33008,0.210929631,1.63E-05,1,0.999551974,38.01703262,1.783815886,17.34000072,1.968231528,0.331947051,25,-0.000146738,0.210924328,-1.39E-05,299.9525452,299.9525452,11336.76465,11385.89551,55.04306195,18.06197523,40.68150711,0,0,0,38,299.9728394,1,6,1,,,1.703186035,50.83089066,,,,,,,,,,,,,,,,
,3968303396,299.9547424,12105.24365,0.211190732,1.92E-05,1,0.999551974,38.01703262,1.783917049,17.34000072,1.970768356,0.332428744,25,-0.00014129,0.211185405,-8.29E-06,299.9553833,299.9553833,12077.81641,12132.6709,55.03993544,18.06524492,40.70204163,0,0,0,38,299.96698,1,6,1,,,1.706085205,50.83089066,,,,,,,,,,,,,,,,
,3968303411,299.9513092,12848.979,0.211403397,1.99E-05,1,0.999551974,38.01703262,1.783807383,17.34000072,1.972648648,0.332658951,25,-0.000150477,0.211398092,-1.74E-05,299.9518127,299.9518127,12827.57813,12870.37988,55.02352124,18.06487952,40.72555542,0,0,0,38,299.9684143,1,6,1,,,1.708831787,50.83089066,,,,,,,,,,,,,,,,
,3968303427,299.9470978,13647.2417,0.211601851,1.55E-05,1,0.999551974,38.01703262,1.783891084,17.34000072,1.974572655,0.333097394,25,-0.000138724,0.211596559,-5.50E-06,299.9472351,299.9472351,13623.23145,13671.25195,55.06885569,18.06146546,40.73879623,0,0,0,38,299.975708,1,6,1,,,1.706390381,52.29716492,,,,,,,,,,,,,,,,
,3968303443,299.9470367,14442.42871,0.21184253,1.98E-05,1,0.999551974,38.01703262,1.783860577,17.34000072,1.976785055,0.333473199,25,-0.000138592,0.211837234,-5.24E-06,299.9469604,299.9469604,14417.61816,14467.23926,55.02586613,18.06458603,40.77041245,0,0,0,38,299.9805603,1,6,1,,,1.703491211,51.31964874,,,,,,,,,,,,,,,,
,3968303459,299.9484558,15237.89502,0.212006455,1.14E-05,1,0.999551974,38.01703262,1.78394951,17.34000072,1.978397161,0.333830554,25,-0.000129781,0.212001143,3.66E-06,299.9482422,299.9482422,15213.26855,15262.52148,55.14389203,18.06298389,40.76689911,0,0,0,38,299.9808655,1,6,1,,,1.703796387,51.31964874,,,,,,,,,,,,,,,,
,3968303476,299.9485321,16082.42578,0.212183629,1.47E-05,1,0.999551974,38.01703262,1.783972678,17.34000072,1.980099002,0.333976172,25,-0.000144616,0.212178323,-1.11E-05,299.948822,299.948822,16060.61328,16104.23828,54.9648991,18.06343791,40.79149246,0,0,0,38,299.9797058,1,6,1,,,1.704559326,51.80840683,,,,,,,,,,,,,,,,
,3968303494,299.9460297,16978.65234,0.212372397,1.94E-05,1,0.999551974,38.01703262,1.783823028,17.34000072,1.981708127,0.334185759,25,-0.000151165,0.212367107,-1.75E-05,299.9455261,299.9455261,16953.62305,17003.68164,55.0141417,18.06272806,40.81526947,0,0,0,38,299.9867249,1,6,1,,,1.703948975,52.29716492,,,,,,,,,,,,,,,,
,3968303512,299.9469604,17876.83984,0.212518236,1.75E-05,1,0.999551974,38.01703262,1.783863575,17.34000072,1.983110438,0.334438408,25,-0.00014956,0.212512938,-1.59E-05,299.9466858,299.9466858,17849.44141,17904.23828,55.01648658,18.06067025,40.84283447,0,0,0,38,299.9875793,1,6,1,,,1.708831787,52.78592682,,,,,,,,,,,,,,,,
,3968303530,299.952179,18769.88379,0.212690646,1.59E-05,1,0.999551974,38.01703262,1.783793267,17.34000072,1.984608191,0.334898875,25,-0.000127993,0.212685302,5.78E-06,299.9512634,299.9512634,18745.45898,18794.30859,55.07979849,18.06477366,40.88471985,0,0,0,38,299.9807129,1,6,1,,,1.707000732,51.80840683,,,,,,,,,,,,,,,,
,3968303549,299.9482422,19715.36328,0.212834711,2.28E-05,1,0.999551974,38.01703262,1.783724359,17.34000072,1.985880803,0.335093982,25,-0.000130104,0.21282939,3.74E-06,299.9485168,299.9485168,19690.35352,19740.37305,55.20016929,18.06503848,40.87282944,0,0,0,38,299.9818726,1,6,1,,,1.705780029,51.80840683,,,,,,,,,,,,,,,,
,3968303568,299.9503174,20662.33887,0.212996623,1.44E-05,1,0.999551974,38.01703262,1.783847412,17.34000072,1.987534454,0.335319856,25,-0.000135716,0.212991291,-1.80E-06,299.9499512,299.9499512,20637.7168,20686.96094,55.10324735,18.06406748,40.88823318,0,0,0,38,299.9830017,1,6,1,,,1.707611084,52.29716492,,,,,,,,,,,,,,,,
,3968303588,299.9494629,21661.28027,0.21313865,1.13E-05,1,0.999551974,38.01703262,1.783886481,17.34000072,1.988907134,0.335523134,25,-0.000138729,0.213133324,-4.75E-06,299.9496765,299.9496765,21636.43164,21686.12891,55.02039473,18.06418579,40.9230957,0,0,0,38,299.9850159,1,6,1,,,1.705780029,52.78592682,,,,,,,,,,,,,,,,
,3968303608,299.9484558,22649.46484,0.213280667,1.18E-05,1,0.999551974,38.01703262,1.783759294,17.34000072,1.990087018,0.335761532,25,-0.000134694,0.213275343,-6.49E-07,299.9492493,299.9492493,22625.25,22673.67969,55.09386781,18.06593513,40.96281815,0,0,0,38,299.9814148,1,6,1,,,1.70425415,48.38709641,,,,,,,,,,,,,,,,
,3968303629,299.9503174,23698.53516,0.213392757,1.59E-05,1,0.999551974,38.01703262,1.783627539,17.34000072,1.990990786,0.335902072,25,-0.00013598,0.213387422,-1.89E-06,299.9499512,299.9499512,23674.28711,23722.7832,55.18766323,18.06669137,40.97254562,0,0,0,38,299.9808655,1,6,1,,,1.705627441,53.27468491,,,,,,,,,,,,,,,,
,3968303650,299.9483795,24742.7666,0.213531182,1.58E-05,1,0.999551974,38.01703262,1.78376226,17.34000072,1.992427954,0.336155691,25,-0.000134878,0.213525857,-7.33E-07,299.9485168,299.9485168,24718.1543,24767.37891,55.07510872,18.06421446,40.98470688,0,0,0,38,299.9824219,1,6,1,,,1.703338623,52.78592682,,,,,,,,,,,,,,,,
,3968303671,299.950882,25788.97266,0.213639777,2.07E-05,1,0.999551974,38.01703262,1.783742047,17.34000072,1.993414972,0.336346688,25,-0.000132366,0.213634435,1.82E-06,299.9513855,299.9513855,25764.11719,25813.82813,55.2087672,18.06612591,41.00632477,0,0,0,38,299.9795837,1,6,1,,,1.704101563,52.78592682,,,,,,,,,,,,,,,,
,3968303693,299.9489594,26881.57031,0.213773643,1.74E-05,1,0.999551974,38.01703262,1.783760516,17.34000072,1.994701806,0.336458047,25,-0.000143441,0.213768318,-9.20E-06,299.948822,299.948822,26857.09766,26906.04297,55.30490751,18.06520339,41.03172684,0,0,0,38,299.9812927,1,6,1,,,1.705169678,53.27468491,,,,,,,,,,,,,,,,
,3968303718,299.9540405,28000.05078,0.213850046,2.14E-05,1,0.999551974,38.01703262,1.783737236,17.34000072,1.995417535,0.336405287,25,-0.000161536,0.213844704,-2.73E-05,299.9541016,299.9541016,28000.00586,28000.0957,55.11497178,18.06502238,41.03199768,0,0,0,38,299.9781494,1,4,1,,,1.704559326,53.76344299,,,,,,,,,,,,,,,,
,3968303726,299.9533844,27982.26367,0.213871559,1.43E-05,1,0.999551974,38.01703262,1.783694959,17.34000072,1.99551829,0.336748371,25,-0.00012757,0.213866198,6.70E-06,299.9526672,299.9526672,27982.26367,27982.26367,55.05713127,18.06557609,41.0347023,0,0,0,38,299.9741211,1,6,1,,,1.704864502,53.27468491,,,,,,,,,,,,,,,,
,3968303749,299.9541016,26851.51855,0.213756393,1.56E-05,1,0.999551974,38.01703262,1.783720566,17.34000072,1.994495523,0.336431207,25,-0.000142598,0.213751038,-8.37E-06,299.9541016,299.9541016,26827.09375,26875.94336,55.10246572,18.0643069,41.05334473,0,0,0,38,299.9677124,1,6,1,,,1.703948975,54.25220108,,,,,,,,,,,,,,,,
,3968303771,299.9524078,25758.3916,0.213633726,1.32E-05,1,0.999551974,38.01703262,1.783745476,17.34000072,1.993364109,0.336326425,25,-0.000133579,0.213628376,6.00E-07,299.9535522,299.9535522,25733.37109,25783.41211,55.10950038,18.06500653,41.0603714,0,0,0,38,299.9701233,1,6,1,,,1.70501709,53.27468491,,,,,,,,,,,,,,,,
,3968303793,299.9515381,24665.27246,0.213509417,2.20E-05,1,0.999551974,38.01703262,1.783693563,17.34000072,1.992150704,0.336101978,25,-0.000135587,0.213504074,-1.46E-06,299.9518127,299.9518127,24640.43164,24690.11328,55.13451249,18.06595725,41.09225845,0,0,0,38,299.9695435,1,6,1,,,1.702270508,53.76344299,,,,,,,,,,,,,,,,
,3968303814,299.949173,23619.51172,0.213393191,2.25E-05,1,0.999551974,38.01703262,1.783692891,17.34000072,1.991106683,0.335676534,25,-0.000161524,0.213387879,-2.74E-05,299.9498291,299.9498291,23594.9707,23644.05273,55.09464944,18.06423637,41.09901428,0,0,0,38,299.9736938,1,6,1,,,1.705322266,54.74095917,,,,,,,,,,,,,,,,
,3968303833,299.9514618,22627.99219,0.213255307,1.79E-05,1,0.999551974,38.01703262,1.783724319,17.34000072,1.989815177,0.33569647,25,-0.000136678,0.213249967,-2.65E-06,299.9513855,299.9513855,22603.17188,22652.8125,55.19078974,18.06504695,41.11144638,0,0,0,38,299.9695435,1,6,1,,,1.700897217,54.25220108,,,,,,,,,,,,,,,,
,3968303855,299.9491119,21580.10742,0.213101504,1.58E-05,1,0.999551974,38.01703262,1.783602474,17.34000072,1.988233133,0.335514981,25,-0.000127708,0.213096173,6.25E-06,299.948822,299.948822,21549.46875,21610.74609,55.08058012,18.06301263,41.14495468,0,0,0,38,299.9782715,1,6,1,,,1.705474854,54.25220108,,,,,,,,,,,,,,,,
,3968303874,299.9473114,20589.04297,0.212988006,1.87E-05,1,0.999551974,38.01703262,1.783715228,17.34000072,1.987309102,0.3352873,25,-0.000135144,0.212982691,-1.23E-06,299.9476624,299.9476624,20558.42383,20619.66211,55.08058012,18.06573226,41.14063263,0,0,0,38,299.9801331,1,6,1,,,1.704101563,54.74095917,,,,,,,,,,,,,,,,
,3968303893,299.9470367,19639.66309,0.212817029,2.00E-05,1,0.999551974,38.01703262,1.7838254,17.34000072,1.985825719,0.335086519,25,-0.000129905,0.212811714,3.93E-06,299.9465332,299.9465332,19615.08398,19664.24219,55.27755051,18.06451758,41.17927551,0,0,0,38,299.9835815,1,6,1,,,1.70425415,54.25220108,,,,,,,,,,,,,,,,
,3968303912,299.9467468,18698.17969,0.21268686,1.69E-05,1,0.999551974,38.01703262,1.78367819,17.34000072,1.984440576,0.334914403,25,-0.00012343,0.212681544,1.03E-05,299.9459534,299.9459534,18674.18555,18722.17383,55.12825946,18.06657952,41.19873047,0,0,0,38,299.9882813,1,6,1,,,1.708984375,54.74095917,,,,,,,,,,,,,,,,
,3968303930,299.947113,17796.65625,0.212527194,2.05E-05,1,0.999551974,38.01703262,1.783790196,17.34000072,1.983122089,0.334392101,25,-0.000154598,0.212521898,-2.09E-05,299.947113,299.947113,17771.65234,17821.66016,55.1595246,18.0641131,41.19710922,0,0,0,38,299.9867249,1,6,1,,,1.704406738,54.25220108,,,,,,,,,,,,,,,,
,3968303948,299.9523315,16902.73242,0.212361493,1.68E-05,1,0.999551974,38.01703262,1.78368476,17.34000072,1.981419141,0.334358649,25,-0.00012806,0.212356152,5.56E-06,299.9525452,299.9525452,16878.34375,16927.12109,55.11106363,18.06633748,41.2206192,0,0,0,38,299.9790039,1,6,1,,,1.703948975,55.22971725,,,,,,,,,,,,,,,,
,3968303965,299.9510956,16055.65137,0.212189026,2.02E-05,1,0.999551974,38.01703262,1.783752398,17.34000072,1.979894359,0.334035523,25,-0.000134837,0.212183699,-1.31E-06,299.9508057,299.9508057,16027.6084,16083.69434,55.24863025,18.06620676,41.23115921,0,0,0,38,299.9782715,1,6,1,,,1.704406738,55.22971725,,,,,,,,,,,,,,,,
,3968303982,299.9554749,15209.92529,0.212002405,1.09E-05,1,0.999551974,38.01703262,1.783743483,17.34000072,1.97814052,0.333755313,25,-0.000133103,0.211997055,3.30E-07,299.9561157,299.9561157,15185.13867,15234.71191,55.10637386,18.06255041,41.22467422,0,0,0,38,299.9689941,1,6,1,,,1.70501709,53.76344299,,,,,,,,,,,,,,,,
,3968303999,299.9560394,14366.05273,0.211806429,1.28E-05,1,0.999551974,38.01703262,1.783658224,17.34000072,1.976243603,0.333288104,25,-0.000148336,0.211801088,-1.50E-05,299.9556885,299.9556885,14338.63477,14393.4707,55.20251417,18.06773732,41.25575256,0,0,0,38,299.9636841,1,6,1,,,1.70501709,54.74095917,,,,,,,,,,,,,,,,
,3968304015,299.9529724,13566.08545,0.211616301,1.34E-05,1,0.999551974,38.01703262,1.783656108,17.34000072,1.974456953,0.333050764,25,-0.000141558,0.211610977,-8.32E-06,299.9529724,299.9529724,13545.11523,13587.05566,55.13685738,18.06493593,41.25683212,0,0,0,38,299.9612732,1,6,1,,,1.705474854,55.22971725,,,,,,,,,,,,,,,,
,3968304030,299.9515991,12820.04199,0.211418092,1.66E-05,1,0.999551974,38.01703262,1.783608196,17.34000072,1.972532497,0.332867452,25,-0.000126718,0.21141277,6.41E-06,299.9513855,299.9513855,12795.81055,12844.27344,55.16186949,18.06614485,41.28655624,0,0,0,38,299.9641113,1,6,1,,,1.705169678,54.74095917,,,,,,,,,,,,,,,,
,3968304046,299.9532623,12023.31006,0.211180086,1.91E-05,1,0.999551974,38.01703262,1.783633768,17.34000072,1.970355814,0.332400775,25,-0.000136948,0.211174765,-3.95E-06,299.9529724,299.9529724,11995.29492,12051.3252,55.2634812,18.06485984,41.29331207,0,0,0,38,299.9615479,1,6,1,,,1.704559326,54.74095917,,,,,,,,,,,,,,,,
,3968304061,299.9589844,11305.97607,0.210936577,1.88E-05,1,0.999551974,38.01703262,1.783650308,17.34000072,1.968069986,0.332205744,25,-0.000116942,0.210931215,1.59E-05,299.9594116,299.9594116,11253.33887,11358.61328,55.24394048,18.0656613,41.3079071,0,0,0,38,299.9479675,1,6,1,,,1.704406738,55.22971725,,,,,,,,,,,,,,,,
,3968304074,299.959259,10627.61621,0.210686108,8.75E-06,1,0.999551974,38.01703262,1.783726366,17.34000072,1.965827398,0.331752664,25,-0.000124586,0.210680755,8.13E-06,299.9596863,299.9596863,10602.79883,10652.43359,55.2087672,18.06330971,41.29385376,0,0,0,38,299.9426575,1,6,1,,,1.704101563,55.22971725,,,,,,,,,,,,,,,,
,3968304088,299.9551849,9931.568359,0.210430605,1.30E-05,1,0.999551974,38.01703262,1.783708013,17.34000072,1.963438374,0.331261176,25,-0.000133657,0.210425287,-1.09E-06,299.9546814,299.9546814,9906.706055,9956.430664,55.30568914,18.06430551,41.31195831,0,0,0,38,299.9475403,1,6,1,,,1.702880859,54.74095917,,,,,,,,,,,,,,,,
,3968304102,299.9520416,9238.638672,0.210136487,7.61E-06,1,0.999551974,38.01703262,1.78373812,17.34000072,1.960730579,0.330780412,25,-0.00013598,0.210131194,-3.58E-06,299.9521179,299.9521179,9219.835938,9257.441406,55.19000811,18.06493659,41.33276749,0,0,0,38,299.9519653,1,6,1,,,1.70425415,55.22971725,,,,,,,,,,,,,,,,
,3968304114,299.9527588,8640.086914,0.209802519,1.76E-05,1,0.999551974,38.01703262,1.783676857,17.34000072,1.95754374,0.330271815,25,-0.000132751,0.209797227,-5.46E-07,299.9519653,299.9519653,8612.693359,8667.480469,55.22908954,18.06570737,41.31601334,0,0,0,38,299.9515381,1,6,1,,,1.705474854,54.74095917,,,,,,,,,,,,,,,,
,3968304127,299.964325,7993.00415,0.209460763,2.03E-05,1,0.999551974,38.01703262,1.783639633,17.34000072,1.954331387,0.329626991,25,-0.000143261,0.209455419,-1.13E-05,299.9645386,299.9645386,7968.386719,8017.621582,55.16577763,18.06728967,41.34222412,0,0,0,38,299.9367981,1,6,1,,,1.704101563,55.71847534,,,,,,,,,,,,,,,,
,3968304139,299.9664154,7397.176025,0.209066706,1.66E-05,1,0.999551974,38.01703262,1.783734984,17.34000072,1.950735321,0.329150378,25,-0.000129465,0.209061351,2.30E-06,299.9661255,299.9661255,7372.558594,7421.793457,55.19078974,18.06544271,41.33682251,0,0,0,38,299.9225159,1,6,1,,,1.70425415,55.71847534,,,,,,,,,,,,,,,,
,3968304150,299.9707794,6849.516113,0.208686853,2.27E-05,1,0.999551974,38.01703262,1.783688313,17.34000072,1.947153699,0.328468298,25,-0.000137341,0.208681487,-5.81E-06,299.9711304,299.9711304,6825.655762,6873.376465,55.22205488,18.0662922,41.34952164,0,0,0,38,299.9094849,1,6,1,,,1.705169678,55.71847534,,,,,,,,,,,,,,,,
,3968304161,299.9678345,6306.289307,0.208181146,1.83E-05,1,0.999551974,38.01703262,1.783678126,17.34000072,1.94242164,0.327687319,25,-0.000135221,0.208175808,-3.99E-06,299.9678345,299.9678345,6282.052734,6330.525879,55.10950038,18.06389363,41.36870956,0,0,0,38,299.906189,1,6,1,,,1.708526611,55.71847534,,,,,,,,,,,,,,,,
,3968304172,299.9555969,5759.312744,0.207638705,1.41E-05,1,0.999551974,38.01703262,1.783751669,17.34000072,1.937440247,0.32684107,25,-0.000135499,0.207633449,-4.60E-06,299.9558105,299.9558105,5734.692871,5783.932617,55.11966155,18.06392467,41.36762619,0,0,0,38,299.9205017,1,6,1,,,1.704559326,55.71847534,,,,,,,,,,,,,,,,
,3968304182,299.9547577,5265.047119,0.207000199,1.63E-05,1,0.999551974,38.01703262,1.783742891,17.34000072,1.931462902,0.325895201,25,-0.000128581,0.206994959,1.93E-06,299.9546814,299.9546814,5237.424805,5292.669434,55.27207911,18.06427037,41.39113998,0,0,0,38,299.927063,1,6,1,,,1.704406738,55.71847534,,,,,,,,,,,,,,,,
,3968304192,299.9524689,4766.852783,0.206268301,1.72E-05,1,0.999551974,38.01703262,1.783711427,17.34000072,1.924599302,0.324745163,25,-0.000127298,0.206263091,2.76E-06,299.9525452,299.9525452,4742.037598,4791.667969,55.22361814,18.06635813,41.3905983,0,0,0,38,299.9312134,1,6,1,,,1.704711914,55.71847534,,,,,,,,,,,,,,,,
,3968304202,299.9533844,4293.106445,0.205281118,1.59E-05,1,0.999551974,38.01703262,1.783650922,17.34000072,1.915319711,0.323209422,25,-0.000123566,0.205275925,5.88E-06,299.9530945,299.9530945,4243.659668,4342.553223,55.24941188,18.06475865,41.38438416,0,0,0,38,299.9310913,1,6,1,,,1.704711914,55.71847534,,,,,,,,,,,,,,,,
,3968304210,299.9541168,3867.717163,0.204250224,1.87E-05,1,0.999551974,38.01703262,1.783730959,17.34000072,1.905811598,0.321442925,25,-0.000139836,0.204245063,-1.10E-05,299.9533997,299.9533997,3843.747559,3891.686768,55.10871875,18.06455246,41.4057312,0,0,0,38,299.9332275,1,6,1,,,1.704559326,55.71847534,,,,,,,,,,,,,,,,
,3968304218,299.9548187,3469.476074,0.202907037,1.81E-05,1,0.999551974,38.01703262,1.783597627,17.34000072,1.893119253,0.319428264,25,-0.000125783,0.202901898,2.18E-06,299.9551086,299.9551086,3445.172852,3493.779297,55.14154715,18.06339975,41.40789413,0,0,0,38,299.9319458,1,6,1,,,1.704559326,55.71847534,,,,,,,,,,,,,,,,
,3968304226,299.9581146,3071.299316,0.200999223,1.80E-05,1,0.999551974,38.01703262,1.783758621,17.34000072,1.875501991,0.31635221,25,-0.000135388,0.20099412,-8.62E-06,299.9584045,299.9584045,3043.669922,3098.928711,55.30803402,18.06459695,41.41086578,0,0,0,38,299.9282227,1,6,1,,,1.704406738,55.71847534,,,,,,,,,,,,,,,,
,3968304233,299.957901,2718.659546,0.198597173,1.97E-05,1,0.999551974,38.01703262,1.783641023,17.34000072,1.852976889,0.312505506,25,-0.000138701,0.198592135,-1.34E-05,299.9579773,299.9579773,2693.644531,2743.674561,55.27755051,18.06356137,41.41491699,0,0,0,38,299.927948,1,6,1,,,1.704101563,54.74095917,,,,,,,,,,,,,,,,
,3968304240,299.9576111,2373.039063,0.194993053,2.99E-05,1,0.999551974,38.01703262,1.783652626,17.34000072,1.819354173,0.306875626,25,-0.000131957,0.194988104,-8.97E-06,299.9578247,299.9578247,2348.638184,2397.439941,55.2142386,18.06528457,41.41680908,0,0,0,38,299.9269409,1,6,1,,,1.705932617,55.71847534,,,,,,,,,,,,,,,,
,3968304246,299.9559631,2074.643921,0.19009164,4.39E-05,1,0.999551974,38.01703262,1.783606535,17.34000072,1.773568954,0.299204523,25,-0.000123266,0.190086821,-3.36E-06,299.9568176,299.9568176,2053.343262,2095.94458,55.13294923,18.06596891,41.4070816,0,0,0,38,299.9277954,1,6,1,,,1.704101563,55.71847534,,,,,,,,,,,,,,,,
,3968304252,299.9521179,1778.670349,0.18233434,6.96E-05,1,0.999551974,38.01703262,1.78361746,17.34000072,1.701242922,0.286761442,25,-0.000143414,0.182329751,-2.84E-05,299.9529724,299.9529724,1750.65271,1806.687988,55.33617265,18.06553825,41.41437912,0,0,0,38,299.9329529,1,6,1,,,1.702575684,56.20723343,,,,,,,,,,,,,,,,
,3968304258,299.9506683,1481.0896,0.170162368,0.00010451,1,0.999551974,38.01703262,1.783681893,17.34000072,1.587714697,0.267720511,25,-0.000123905,0.170158086,-1.66E-05,299.9513855,299.9513855,1456.053101,1506.126099,55.26817097,18.06353597,41.42789078,0,0,0,38,299.9396667,1,6,1,,,1.704711914,56.20723343,,,,,,,,,,,,,,,,
,3968304263,299.9505463,1230.881653,0.155596796,0.000137633,1,0.999551974,38.01703262,1.783714344,17.34000072,1.451837454,0.244795438,25,-0.000114703,0.155592882,-1.65E-05,299.9498291,299.9498291,1203.435547,1258.327759,55.19157137,18.06394112,41.42572784,0,0,0,38,299.9402466,1,6,1,,,1.703491211,55.71847534,,,,,,,,,,,,,,,,
,3968304268,299.9514618,980.1832886,0.136447431,0.000176954,1,0.999551974,38.01703262,1.783813463,17.34000072,1.273258987,0.214499616,25,-0.000119925,0.136444007,-3.38E-05,299.9508057,299.9508057,952.9419556,1007.424622,55.09308618,18.06379888,41.40681076,0,0,0,38,299.9421082,1,6,1,,,1.704406738,55.71847534,,,,,,,,,,,,,,,,
,3968304272,299.9529724,785.5557251,0.117519982,0.000216026,1,0.999551974,38.01703262,1.783851947,17.34000072,1.096658175,0.184763555,25,-0.000101728,0.117517027,-2.76E-05,299.9535522,299.9535522,763.5407715,807.5706787,55.25722817,18.06429182,41.41627121,0,0,0,38,299.9399414,1,6,1,,,1.701965332,55.22971725,,,,,,,,,,,,,,,,
,3968304275,299.9516754,634.0652466,0.100812382,0.000247017,1,0.999551974,38.01703262,1.783695395,17.34000072,0.940689221,0.158354109,25,-0.000101022,0.100809859,-3.74E-05,299.9523926,299.9523926,609.6502075,658.4802856,55.15483483,18.06322334,41.42924118,0,0,0,38,299.9402466,1,6,1,,,1.704406738,56.20723343,,,,,,,,,,,,,,,,
,3968304279,299.9480896,437.2494965,0.075060977,0.000289237,1,0.999551974,38.01703262,1.783734181,17.34000072,0.700439851,0.117763504,25,-9.06E-05,0.075059116,-4.32E-05,299.9480896,299.9480896,412.2249146,462.2740784,55.30178099,18.06596868,41.44491577,0,0,0,38,299.9463806,1,6,1,,,1.70791626,56.20723343,,,,,,,,,,,,,,,,
,3968304281,299.9477539,338.8321075,0.0605898,0.000316906,1,0.999551974,38.01703262,1.783775341,17.34000072,0.565426734,0.094982035,25,-8.17E-05,0.060588303,-4.34E-05,299.9479675,299.9479675,314.6456299,363.0185852,55.30725239,18.06599657,41.45248032,0,0,0,38,299.9492493,1,6,1,,,1.703796387,55.22971725,,,,,,,,,,,,,,,,
,3968304287,299.9433899,74.7951889,0.027057917,0.00038619,1,0.999551974,38.01703262,1.783567501,17.34000072,0.252396813,0.042135595,2.5,-6.39E-05,0.027057269,-4.68E-05,299.9433899,299.9433899,74.7951889,74.7951889,55.18375509,18.06464385,41.4576149,0,0,0,38,299.954834,1,6,1,,,1.706695557,55.22971725,,,,,,,,,,,,,,,,
,3968304287,299.9436646,63.21148872,0.017510535,0.000408563,1,0.999551974,38.01703262,1.783567501,17.34000072,0.163368215,0.027093376,2.5,-6.01E-05,0.017510127,-4.90E-05,299.9433899,299.9433899,51.62778854,74.7951889,55.22987117,18.06464385,41.45707321,0,0,0,38,299.9552612,1,6,1,,,1.71005249,56.20723343,,,,,,,,,,,,,,,,
,3968304288,299.9440155,-6.971682549,-0.004222613,0.000469465,1,0.999551974,38.01703262,1.783639524,17.34000072,-0.039287212,-0.007183828,2.5,-5.52E-05,-0.004222471,-5.79E-05,299.9449463,299.9449463,-34.28921127,20.34584618,55.22361814,18.06492037,41.44869614,0,0,0,38,299.9601135,1,6,1,,,1.704559326,55.71847534,,,,,,,,,,,,,,,,
,3968304289,299.9428101,-59.10428429,-0.014828125,0.000417026,1,0.999551974,38.01703262,1.78365661,17.34000072,-0.13820113,-0.023816447,2.5,-4.27E-05,-0.014827721,-5.20E-05,299.9430847,299.9430847,-83.9193573,-34.28921127,55.24472211,18.06403447,41.46166992,0,0,0,38,299.9601135,1,6,1,,,1.702728271,56.20723343,,,,,,,,,,,,,,,,
,3968304290,299.9422455,-111.7416611,-0.02449943,0.000387113,1,0.999551974,38.01703262,1.78364315,17.34000072,-0.228397063,-0.039001008,2.5,-3.31E-05,-0.024498787,-4.86E-05,299.9425354,299.9425354,-139.5639648,-83.9193573,55.08214338,18.0656356,41.44491577,0,0,0,38,299.9603882,1,6,1,,,1.703796387,55.71847534,,,,,,,,,,,,,,,,
,3968304291,299.9422455,-164.2076035,-0.033557564,0.000365045,1,0.999551974,38.01703262,1.783649629,17.34000072,-0.312873538,-0.053240985,2.5,-2.60E-05,-0.033556696,-4.72E-05,299.9419556,299.9419556,-188.8512421,-139.5639648,55.1595246,18.06528576,41.44869614,0,0,0,38,299.9615479,1,6,1,,,1.705780029,55.71847534,,,,,,,,,,,,,,,,
,3968304293,299.941391,-263.110733,-0.050148162,0.00032772,1,0.999551974,38.01703262,1.783604703,17.34000072,-0.467590952,-0.079285188,2.5,-9.35E-06,-0.050146883,-4.10E-05,299.9421082,299.9421082,-287.7162781,-238.505188,55.01101518,18.06551683,41.44680786,0,0,0,38,299.9649658,1,6,1,,,1.705322266,55.71847534,,,,,,,,,,,,,,,,
,3968304295,299.9402313,-361.5019226,-0.065271922,0.000300063,1,0.999551974,38.01703262,1.783630624,17.34000072,-0.608657555,-0.102954841,2.5,1.39E-05,-0.065270277,-2.73E-05,299.940094,299.940094,-385.6717224,-337.3321228,55.21033046,18.06643952,41.46031952,0,0,0,38,299.9692688,1,6,1,,,1.705474854,55.71847534,,,,,,,,,,,,,,,,
,3968304298,299.9395142,-510.8518372,-0.085575493,0.00026696,1,0.999551974,38.01703262,1.783775583,17.34000072,-0.798055307,-0.134964844,2.5,2.10E-05,-0.085573339,-3.30E-05,299.9395142,299.9395142,-538.2669678,-483.4367065,55.19938766,18.06639076,41.4300499,0,0,0,38,299.971283,1,6,1,,,1.70501709,55.22971725,,,,,,,,,,,,,,,,
,3968304301,299.9403076,-659.1565857,-0.103769118,0.00023649,1,0.999551974,38.01703262,1.783554948,17.34000072,-0.96762486,-0.163534767,2.5,3.66E-05,-0.103766511,-2.89E-05,299.940094,299.940094,-687.1812744,-631.131897,55.12200643,18.06651955,41.43815994,0,0,0,38,299.9744263,1,6,1,,,1.704559326,56.20723343,,,,,,,,,,,,,,,,
,3968304305,299.9420929,-858.3486023,-0.124650624,0.000198498,1,0.999551974,38.01703262,1.783535058,17.34000072,-1.16235358,-0.19628793,2.5,6.03E-05,-0.124647497,-1.83E-05,299.9419556,299.9419556,-882.7922363,-833.9049683,55.2142386,18.06559808,41.44167328,0,0,0,38,299.9744263,1,6,1,,,1.704559326,56.20723343,,,,,,,,,,,,,,,,
,3968304309,299.9447327,-1034.058899,-0.138070513,0.000173701,1,0.999551974,38.01703262,1.783570814,17.34000072,-1.288141919,-0.217562383,25,6.35E-05,-0.138067037,-2.36E-05,299.9449463,299.9449463,-1043.216309,-1024.901489,55.06807407,18.06739053,41.44086075,0,0,0,38,299.9724121,1,6,1,,,1.704864502,56.20723343,,,,,,,,,,,,,,,,
,3968304314,299.9426727,-1308.439026,-0.159678524,0.000125511,1,0.999551974,38.01703262,1.783701109,17.34000072,-1.489874866,-0.251438125,25,9.38E-05,-0.159674527,-6.90E-06,299.9432373,299.9432373,-1332.630249,-1284.247803,55.21033046,18.06479874,41.44464493,0,0,0,38,299.971405,1,6,1,,,1.703643799,55.71847534,,,,,,,,,,,,,,,,
,3968304319,299.9429474,-1557.461182,-0.172921607,9.06E-05,1,0.999551974,38.01703262,1.783686533,17.34000072,-1.613418424,-0.27233431,25,9.68E-05,-0.172917274,-1.23E-05,299.9426575,299.9426575,-1582.185791,-1532.736572,55.27911377,18.06689488,41.45005035,0,0,0,38,299.977417,1,6,1,,,1.70425415,55.22971725,,,,,,,,,,,,,,,,
,3968304324,299.9447479,-1804.649902,-0.182486809,6.35E-05,1,0.999551974,38.01703262,1.783747781,17.34000072,-1.702736346,-0.287324875,25,0.000111055,-0.182482233,-4.06E-06,299.9442444,299.9442444,-1831.884033,-1777.415771,55.15639809,18.06394929,41.45005035,0,0,0,38,299.9788513,1,6,1,,,1.705474854,55.71847534,,,,,,,,,,,,,,,,
,3968304330,299.9458008,-2101.904541,-0.190222417,4.16E-05,1,0.999551974,38.01703262,1.783682786,17.34000072,-1.774851448,-0.2994965,25,0.000115476,-0.190217642,-4.51E-06,299.9458008,299.9458008,-2126.702881,-2077.106201,55.19704277,18.06650116,41.46599197,0,0,0,38,299.977417,1,6,1,,,1.705932617,55.71847534,,,,,,,,,,,,,,,,
,3968304337,299.9481659,-2449.725098,-0.195701344,2.23E-05,1,0.999551974,38.01703262,1.783698206,17.34000072,-1.825991507,-0.308101051,25,0.000121406,-0.195696421,-2.03E-06,299.9480896,299.9480896,-2474.547363,-2424.902832,55.28693005,18.06442638,41.46356201,0,0,0,38,299.9724121,1,6,1,,,1.704101563,55.71847534,,,,,,,,,,,,,,,,
,3968304343,299.9492493,-2749.432251,-0.198684479,7.62E-06,1,0.999551974,38.01703262,1.783724483,17.34000072,-1.853859989,-0.312756864,25,0.000128092,-0.198679478,2.78E-06,299.9486694,299.9486694,-2774.128174,-2724.736328,55.26660771,18.06442094,41.4727478,0,0,0,38,299.9717102,1,6,1,,,1.703948975,55.71847534,,,,,,,,,,,,,,,,
,3968304351,299.9503174,-3146.547119,-0.201311718,8.59E-06,1,0.999551974,38.01703262,1.783692007,17.34000072,-1.87833232,-0.316934312,25,0.000124691,-0.201306643,-2.27E-06,299.9498291,299.9498291,-3173.926514,-3119.167725,55.10559223,18.06385292,41.45031738,0,0,0,38,299.9701233,1,6,1,,,1.705169678,54.74095917,,,,,,,,,,,,,,,,
,3968304359,299.9515381,-3544.497803,-0.203128051,1.32E-05,1,0.999551974,38.01703262,1.783719603,17.34000072,-1.895319442,-0.319732376,25,0.000132915,-0.203122928,4.81E-06,299.9512634,299.9512634,-3568.920166,-3520.075439,55.10637386,18.06440963,41.46869659,0,0,0,38,299.9677124,1,6,1,,,1.704559326,56.20723343,,,,,,,,,,,,,,,,
,3968304367,299.9523926,-3944.488892,-0.204394094,1.19E-05,1,0.999551974,38.01703262,1.783665796,17.34000072,-1.90706794,-0.321763819,25,0.000128575,-0.204388932,-3.18E-07,299.9521179,299.9521179,-3971.822998,-3917.154785,55.26817097,18.06606291,41.4838295,0,0,0,38,299.9632568,1,6,1,,,1.704559326,56.20723343,,,,,,,,,,,,,,,,
,3968304376,299.9533234,-4395.510254,-0.205506059,1.18E-05,1,0.999551974,38.01703262,1.783683344,17.34000072,-1.91745993,-0.323526023,25,0.000128343,-0.205500864,-1.24E-06,299.9530945,299.9530945,-4423.12793,-4367.892578,55.1759388,18.06540779,41.46491241,0,0,0,38,299.9625549,1,6,1,,,1.705169678,55.71847534,,,,,,,,,,,,,,,,
,3968304385,299.9549713,-4838.91748,-0.206344034,1.55E-05,1,0.999551974,38.01703262,1.783663591,17.34000072,-1.925257124,-0.324844759,25,0.00012853,-0.206338809,-1.57E-06,299.9551086,299.9551086,-4863.62793,-4814.207031,55.24941188,18.06625318,41.46599197,0,0,0,38,299.9578247,1,6,1,,,1.704711914,56.20723343,,,,,,,,,,,,,,,,
,3968304394,299.9530487,-5288.400635,-0.207031436,1.48E-05,1,0.999551974,38.01703262,1.783629034,17.34000072,-1.93161249,-0.326049335,25,0.000115168,-0.207026196,-1.54E-05,299.9539795,299.9539795,-5312.689453,-5264.111816,55.18922649,18.06562844,41.47761154,0,0,0,38,299.9584045,1,6,1,,,1.705169678,55.71847534,,,,,,,,,,,,,,,,
,3968304405,299.951889,-5829.7771,-0.207696902,1.11E-05,1,0.999551974,38.01703262,1.783758739,17.34000072,-1.938005969,-0.326845587,25,0.000145012,-0.207691672,1.41E-05,299.9519653,299.9519653,-5853.99707,-5805.557129,55.23377931,18.06644843,41.48923111,0,0,0,38,299.959259,1,6,1,,,1.704559326,56.20723343,,,,,,,,,,,,,,,,
,3968304415,299.95224,-6327.133545,-0.208241262,1.65E-05,1,0.999551974,38.01703262,1.783646227,17.34000072,-1.942955442,-0.327740341,25,0.000139126,-0.208236012,7.85E-06,299.9518127,299.9518127,-6352.150879,-6302.116211,55.24941188,18.06458027,41.48815155,0,0,0,38,299.9585571,1,6,1,,,1.703796387,55.71847534,,,,,,,,,,,,,,,,
,3968304426,299.9527588,-6874.582031,-0.208683054,1.33E-05,1,0.999551974,38.01703262,1.783678845,17.34000072,-1.947093225,-0.328554437,25,0.000127308,-0.208677784,-4.23E-06,299.9519653,299.9519653,-6896.597168,-6852.566895,55.20564068,18.06650821,41.48760986,0,0,0,38,299.9552612,1,6,1,,,1.70211792,56.20723343,,,,,,,,,,,,,,,,
,3968304438,299.950531,-7473.905518,-0.209120748,1.29E-05,1,0.999551974,38.01703262,1.78371939,17.34000072,-1.951205552,-0.329339964,25,0.000118017,-0.209115475,-1.38E-05,299.9503784,299.9503784,-7498.339844,-7449.471191,55.23221605,18.06396881,41.51085281,0,0,0,38,299.9605408,1,6,1,,,1.706237793,56.20723343,,,,,,,,,,,,,,,,
,3968304450,299.9468231,-8067.050293,-0.209484815,1.50E-05,1,0.999551974,38.01703262,1.78365146,17.34000072,-1.954540794,-0.329836197,25,0.000125164,-0.209479559,-6.86E-06,299.9469604,299.9469604,-8091.225098,-8042.875488,55.17359392,18.0650833,41.48788071,0,0,0,38,299.9675598,1,6,1,,,1.704406738,56.20723343,,,,,,,,,,,,,,,,
,3968304462,299.9460297,-8664.10498,-0.209843446,1.88E-05,1,0.999551974,38.01703262,1.783741408,17.34000072,-1.958015497,-0.330229091,25,0.000145527,-0.2098382,1.33E-05,299.9459534,299.9459534,-8689.129883,-8639.080078,55.29630959,18.06743355,41.4897728,0,0,0,38,299.9695435,1,6,1,,,1.704101563,56.20723343,,,,,,,,,,,,,,,,
,3968304475,299.9465332,-9311.627441,-0.210159931,7.01E-06,1,0.999551974,38.01703262,1.78356181,17.34000072,-1.960754438,-0.330817204,25,0.000132581,-0.210154667,1.62E-07,299.9465332,299.9465332,-9335.811523,-9287.443359,55.26035468,18.06802264,41.50814819,0,0,0,38,299.9767151,1,6,1,,,1.704864502,56.20723343,,,,,,,,,,,,,,,,
,3968304488,299.9493866,-9958.729004,-0.210432617,1.60E-05,1,0.999551974,38.01703262,1.783621102,17.34000072,-1.963339632,-0.331391152,25,0.000118379,-0.210427322,-1.42E-05,299.9496765,299.9496765,-9985.989258,-9931.46875,55.1212248,18.06730462,41.53165817,0,0,0,38,299.9724121,1,6,1,,,1.703948975,56.20723343,,,,,,,,,,,,,,,,
,3968304502,299.9484558,-10660.83008,-0.210719614,1.13E-05,1,0.999551974,38.01703262,1.783598313,17.34000072,-1.965990999,-0.331849498,25,0.000117397,-0.210714318,-1.53E-05,299.948822,299.948822,-10685.84473,-10635.81543,55.16655926,18.06702381,41.52436447,0,0,0,38,299.9715576,1,6,1,,,1.704559326,56.20723343,,,,,,,,,,,,,,,,
,3968304516,299.9488983,-11355.56396,-0.210974424,9.69E-06,1,0.999551974,38.01703262,1.783550582,17.34000072,-1.968342956,-0.332087404,25,0.000134102,-0.210969131,1.22E-06,299.9498291,299.9498291,-11379.97168,-11331.15625,55.15170832,18.06479293,41.5232811,0,0,0,38,299.9742737,1,6,1,,,1.703491211,56.69599533,,,,,,,,,,,,,,,,
,3968304531,299.9465332,-12100.70361,-0.211202125,1.21E-05,1,0.999551974,38.01703262,1.783614962,17.34000072,-1.970520181,-0.332557703,25,0.0001235,-0.211196834,-9.51E-06,299.9469604,299.9469604,-12125.48535,-12075.92188,55.21971,18.06624313,41.53787613,0,0,0,38,299.9792786,1,6,1,,,1.70425415,55.71847534,,,,,,,,,,,,,,,,
,3968304546,299.9468994,-12848.47266,-0.211440211,1.25E-05,1,0.999551974,38.01703262,1.783578358,17.34000072,-1.972729999,-0.332759897,25,0.000141415,-0.211434925,8.27E-06,299.9466858,299.9466858,-12876.08984,-12820.85547,55.12278806,18.06718258,41.54192734,0,0,0,38,299.9822998,1,6,1,,,1.706848145,56.69599533,,,,,,,,,,,,,,,,
,3968304562,299.9467468,-13644.16016,-0.21165658,2.01E-05,1,0.999551974,38.01703262,1.783744843,17.34000072,-1.974910898,-0.33323913,25,0.000129936,-0.211651284,-3.32E-06,299.9465332,299.9465332,-13671.49707,-13616.82324,55.22283651,18.06515413,41.52193069,0,0,0,38,299.9838562,1,6,1,,,1.702728271,56.20723343,,,,,,,,,,,,,,,,
,3968304578,299.9473877,-14442.78809,-0.211841081,1.42E-05,1,0.999551974,38.01703262,1.783666631,17.34000072,-1.976548649,-0.333508765,25,0.000130729,-0.211835779,-2.63E-06,299.947113,299.947113,-14467.20801,-14418.36816,55.24863025,18.06613272,41.56057358,0,0,0,38,299.9838562,1,6,1,,,1.704711914,56.20723343,,,,,,,,,,,,,,,,
,3968304594,299.9481659,-15239.31982,-0.212051448,1.09E-05,1,0.999551974,38.01703262,1.783665742,17.34000072,-1.978511793,-0.333831848,25,0.000131689,-0.212046138,-1.78E-06,299.9482422,299.9482422,-15264.32813,-15214.31152,55.31194216,18.06455102,41.5521965,0,0,0,38,299.9827271,1,6,1,,,1.704711914,56.20723343,,,,,,,,,,,,,,,,
,3968304611,299.9494629,-16086.35352,-0.212237543,7.83E-06,1,0.999551974,38.01703262,1.784420127,17.34000072,-1.981101177,-0.334068198,25,0.000152674,-0.212232235,1.91E-05,299.9492493,299.9492493,-16111.14551,-16061.56152,55.23925071,18.06544357,41.55165482,0,0,0,38,299.9811401,1,6,1,,,1.706848145,56.69599533,,,,,,,,,,,,,,,,
,3968304629,299.9501648,-16981.33398,-0.212392058,1.45E-05,1,0.999551974,38.01703262,1.784038137,17.34000072,-1.982104791,-0.33437773,25,0.000138144,-0.212386735,4.51E-06,299.9499512,299.9499512,-17002.55859,-16960.10938,55.18922649,18.06561143,41.56949234,0,0,0,38,299.9802856,1,6,1,,,1.702880859,55.71847534,,,,,,,,,,,,,,,,
,3968304647,299.9481049,-17875.08398,-0.21255289,1.74E-05,1,0.999551974,38.01703262,1.783789456,17.34000072,-1.983317324,-0.334690296,25,0.000126971,-0.21254757,-6.74E-06,299.9479675,299.9479675,-17896.69141,-17853.47656,55.28614842,18.0662011,41.58624649,0,0,0,38,299.9790039,1,6,1,,,1.70501709,55.71847534,,,,,,,,,,,,,,,,
,3968304665,299.9525452,-18771.01172,-0.212702854,1.20E-05,1,0.999551974,38.01703262,1.783753829,17.34000072,-1.984676142,-0.334928423,25,0.000126116,-0.212697506,-7.67E-06,299.9521179,299.9521179,-18798.82422,-18743.19922,55.18609997,18.0649895,41.58354568,0,0,0,38,299.9698486,1,6,1,,,1.702423096,56.20723343,,,,,,,,,,,,,,,,
,3968304684,299.9533234,-19715.0332,-0.212850463,1.01E-05,1,0.999551974,38.01703262,1.78376073,17.34000072,-1.98605912,-0.335172889,25,0.000125024,-0.212845109,-8.83E-06,299.9535522,299.9535522,-19740.02734,-19690.03906,55.24941188,18.06554552,41.5981369,0,0,0,38,299.96698,1,6,1,,,1.703796387,56.20723343,,,,,,,,,,,,,,,,
,3968304703,299.9508209,-20660.3418,-0.212973385,1.34E-05,1,0.999551974,38.01703262,1.783728597,17.34000072,-1.98717506,-0.335337659,25,0.000127527,-0.212968046,-6.38E-06,299.9506836,299.9506836,-20685.35156,-20635.33203,55.25332002,18.0646779,41.60543442,0,0,0,38,299.9724121,1,6,1,,,1.705932617,56.69599533,,,,,,,,,,,,,,,,
,3968304723,299.9479523,-21627.62695,-0.213130131,9.30E-06,1,0.999551974,38.01703262,1.783672213,17.34000072,-1.988580373,-0.335549582,25,0.000130225,-0.213124808,-3.75E-06,299.9482422,299.9482422,-21676.26953,-21578.98438,55.3979213,18.06715167,41.61110687,0,0,0,38,299.9754333,1,6,1,,,1.703948975,56.20723343,,,,,,,,,,,,,,,,
,3968304743,299.9482422,-22651.31348,-0.213287216,1.20E-05,1,0.999551974,38.01703262,1.783710124,17.34000072,-1.990081285,-0.335840318,25,0.000126388,-0.213281887,-7.66E-06,299.9482422,299.9482422,-22675.32813,-22627.29883,55.21033046,18.06646442,41.60083771,0,0,0,38,299.9807129,1,6,1,,,1.705474854,56.20723343,,,,,,,,,,,,,,,,
,3968304764,299.9497528,-23694.34473,-0.213395124,9.15E-06,1,0.999551974,38.01703262,1.783564202,17.34000072,-1.990938395,-0.335925252,25,0.000132645,-0.21338979,-1.44E-06,299.9492493,299.9492493,-23719.16211,-23669.52734,55.20251417,18.06661593,41.610569,0,0,0,38,299.9794312,1,6,1,,,1.701812744,56.20723343,,,,,,,,,,,,,,,,
,3968304785,299.9527588,-24738.23438,-0.213526801,1.03E-05,1,0.999551974,38.01703262,1.783546582,17.34000072,-1.992132094,-0.336220242,25,0.000122943,-0.213521442,-1.12E-05,299.9529724,299.9529724,-24765.25195,-24711.2168,55.19626114,18.06612787,41.65380478,0,0,0,38,299.9729919,1,6,1,,,1.705474854,56.20723343,,,,,,,,,,,,,,,,
,3968304806,299.9580536,-25786.68848,-0.213658734,9.49E-06,1,0.999551974,38.01703262,1.783619669,17.34000072,-1.993438915,-0.336463837,25,0.000120587,-0.213653343,-1.36E-05,299.95755,299.95755,-25811.52148,-25761.85547,55.22283651,18.06920073,41.64596939,0,0,0,38,299.959259,1,6,1,,,1.704559326,58.16226959,,,,,,,,,,,,,,,,
,3968304829,299.969635,-26929.04492,-0.213765736,8.36E-06,1,0.999551974,38.01703262,1.78359011,17.34000072,-1.994408212,-0.336603518,25,0.000123102,-0.213760278,-1.11E-05,299.9694214,299.9694214,-26953.54883,-26904.54102,55.09386781,18.06779656,41.67326355,0,0,0,38,299.9222107,1,6,1,,,1.704559326,56.20723343,,,,,,,,,,,,,,,,
,3968304853,299.9564667,-28000.04199,-0.213863852,1.18E-05,1,0.999551974,38.01703262,1.783489057,17.34000072,-1.995237495,-0.336598781,25,0.000138215,-0.213858481,3.96E-06,299.9556885,299.9556885,-28000.13477,-27999.94922,55.23456094,18.06762498,41.6762352,0,0,0,38,299.9342346,1,4,1,,,1.70501709,55.71847534,,,,,,,,,,,,,,,,
,3968304862,299.9568176,-27983.07715,-0.213856319,1.14E-05,1,0.999551974,38.01703262,1.783514658,17.34000072,-1.995178983,-0.336687611,25,0.000127924,-0.213850939,-6.33E-06,299.9568176,299.9568176,-27986.29102,-27979.86328,55.10793712,18.06997304,41.68515015,0,0,0,38,299.9332275,1,6,1,,,1.701660156,56.69599533,,,,,,,,,,,,,,,,
,3968304884,299.9582672,-26876.22266,-0.213773947,1.58E-05,1,0.999551974,38.01703262,1.783572408,17.34000072,-1.994472793,-0.336573493,25,0.000127379,-0.213768558,-6.85E-06,299.95755,299.95755,-26901.0332,-26851.41211,55.21111208,18.0668683,41.70271683,0,0,0,38,299.9246521,1,6,1,,,1.706390381,56.69599533,,,,,,,,,,,,,,,,
,3968304906,299.9515991,-25775.98828,-0.213647125,1.52E-05,1,0.999551974,38.01703262,1.783589796,17.34000072,-1.993301549,-0.336420669,25,0.000122666,-0.213641772,-1.15E-05,299.9518127,299.9518127,-25803.61328,-25748.36328,55.15014506,18.06701237,41.69488144,0,0,0,38,299.9388123,1,6,1,,,1.705627441,56.69599533,,,,,,,,,,,,,,,,
,3968304928,299.9512482,-24681.17383,-0.213513052,8.74E-06,1,0.999551974,38.01703262,1.783467477,17.34000072,-1.99192095,-0.336163006,25,0.000125189,-0.213507704,-8.94E-06,299.9521179,299.9521179,-24705.62695,-24656.7207,55.14701855,18.06827815,41.71379852,0,0,0,38,299.9446716,1,6,1,,,1.70501709,56.69599533,,,,,,,,,,,,,,,,
,3968304949,299.9411621,-23635.12109,-0.213394091,1.64E-05,1,0.999551974,38.01703262,1.783496573,17.34000072,-1.990858604,-0.335891714,25,0.000134743,-0.213388808,6.49E-07,299.9411011,299.9411011,-23659.29297,-23610.94922,55.32366659,18.06850092,41.72055435,0,0,0,38,299.9698486,1,6,1,,,1.702270508,56.69599533,,,,,,,,,,,,,,,,
,3968304970,299.9425354,-22593.21191,-0.213252989,1.28E-05,1,0.999551974,38.01703262,1.78353542,17.34000072,-1.98953912,-0.335944868,25,0.000105941,-0.213247681,-2.81E-05,299.9416809,299.9416809,-22621.45508,-22564.96875,55.21736511,18.06727606,41.75379181,0,0,0,38,299.9818726,1,6,1,,,1.704406738,56.69599533,,,,,,,,,,,,,,,,
,3968304990,299.9470215,-21599.37793,-0.213121765,1.86E-05,1,0.999551974,38.01703262,1.783534718,17.34000072,-1.988339376,-0.335587189,25,0.000122064,-0.213116442,-1.19E-05,299.9476624,299.9476624,-21624.39063,-21574.36523,55.28224028,18.06739217,41.74487305,0,0,0,38,299.9782715,1,6,1,,,1.704101563,56.20723343,,,,,,,,,,,,,,,,
,3968305010,299.9476013,-20600.29492,-0.212975573,1.16E-05,1,0.999551974,38.01703262,1.783439655,17.34000072,-1.986866174,-0.335372183,25,0.000118501,-0.212970247,-1.54E-05,299.9476624,299.9476624,-20621.52734,-20579.0625,55.30021774,18.06884771,41.75270844,0,0,0,38,299.9811401,1,6,1,,,1.705627441,56.20723343,,,,,,,,,,,,,,,,
,3968305029,299.9492493,-19658.39355,-0.212844753,8.78E-06,1,0.999551974,38.01703262,1.783620008,17.34000072,-1.985842955,-0.335195227,25,0.000118894,-0.212839418,-1.50E-05,299.9492493,299.9492493,-19682.56836,-19634.21875,55.30099936,18.06683877,41.7616272,0,0,0,38,299.9765625,1,6,1,,,1.704406738,57.18475342,,,,,,,,,,,,,,,,
,3968305048,299.9486694,-18712.90918,-0.212681756,1.78E-05,1,0.999551974,38.01703262,1.783611379,17.34000072,-1.984329092,-0.334840748,25,0.00012914,-0.212676432,-4.63E-06,299.9490967,299.9490967,-18736.59766,-18689.2207,55.21658348,18.06587788,41.75730515,0,0,0,38,299.9782715,1,6,1,,,1.704864502,56.20723343,,,,,,,,,,,,,,,,
,3968305066,299.9507446,-17818.97266,-0.212554581,9.61E-06,1,0.999551974,38.01703262,1.783569108,17.34000072,-1.983091999,-0.334658702,25,0.000126302,-0.212549245,-7.41E-06,299.9506836,299.9506836,-17843.67969,-17794.26563,55.24472211,18.06630873,41.77838135,0,0,0,38,299.975708,1,6,1,,,1.70425415,55.22971725,,,,,,,,,,,,,,,,
,3968305084,299.950882,-16922.1377,-0.212372344,1.25E-05,1,0.999551974,38.01703262,1.783565267,17.34000072,-1.98136487,-0.334505051,25,0.000111855,-0.212367001,-2.18E-05,299.9508057,299.9508057,-16946.73438,-16897.54102,55.13294923,18.06959769,41.78162384,0,0,0,38,299.9727173,1,6,1,,,1.706542969,56.69599533,,,,,,,,,,,,,,,,
,3968305102,299.9506683,-16027.48486,-0.212177984,9.99E-06,1,0.999551974,38.01703262,1.78351826,17.34000072,-1.979527173,-0.334032579,25,0.000128682,-0.212172656,-4.84E-06,299.9503784,299.9503784,-16052.12891,-16002.84082,55.26582608,18.06599364,41.78648758,0,0,0,38,299.969696,1,6,1,,,1.705474854,56.69599533,,,,,,,,,,,,,,,,
,3968305119,299.9497375,-15178.67969,-0.212007444,7.82E-06,1,0.999551974,38.01703262,1.78361451,17.34000072,-1.978043023,-0.33376777,25,0.000130098,-0.212002124,-3.34E-06,299.9508057,299.9508057,-15203.25977,-15154.09961,55.26269957,18.06822361,41.80324554,0,0,0,38,299.9695435,1,6,1,,,1.703796387,56.69599533,,,,,,,,,,,,,,,,
,3968305135,299.950882,-14389.80029,-0.211855322,1.44E-05,1,0.999551974,38.01703262,1.783494086,17.34000072,-1.976473585,-0.333620636,25,0.000117758,-0.211849991,-1.56E-05,299.9508057,299.9508057,-14417.3916,-14362.20898,55.36587453,18.06830542,41.80864716,0,0,0,38,299.9689941,1,6,1,,,1.70425415,56.69599533,,,,,,,,,,,,,,,,
,3968305151,299.9523163,-13590.83203,-0.211606828,1.53E-05,1,0.999551974,38.01703262,1.783463026,17.34000072,-1.974128929,-0.333179949,25,0.00012232,-0.211601495,-1.09E-05,299.9519653,299.9519653,-13615.07031,-13566.59375,55.1868816,18.06706191,41.81297302,0,0,0,38,299.9689941,1,6,1,,,1.704101563,57.67351151,,,,,,,,,,,,,,,,
,3968305167,299.952179,-12791.06396,-0.211405995,7.59E-06,1,0.999551974,38.01703262,1.78360291,17.34000072,-1.972407411,-0.332885599,25,0.00012262,-0.211400668,-1.05E-05,299.9530945,299.9530945,-12819.04102,-12763.08691,55.20642231,18.06656276,41.83107758,0,0,0,38,299.9677124,1,6,1,,,1.703491211,57.18475342,,,,,,,,,,,,,,,,
,3968305182,299.9567566,-12044.81885,-0.211187085,6.43E-06,1,0.999551974,38.01703262,1.783539346,17.34000072,-1.970275307,-0.332651234,25,0.000109432,-0.211181726,-2.36E-05,299.9556885,299.9556885,-12069.15039,-12020.4873,55.03915381,18.06932958,41.84026718,0,0,0,38,299.959259,1,6,1,,,1.703338623,57.18475342,,,,,,,,,,,,,,,,
,3968305197,299.9568939,-11297.91943,-0.210952844,1.08E-05,1,0.999551974,38.01703262,1.783471323,17.34000072,-1.968035407,-0.332157839,25,0.000121337,-0.210947497,-1.15E-05,299.9569702,299.9569702,-11322.13184,-11273.70703,55.35649499,18.0685581,41.82810593,0,0,0,38,299.9523926,1,6,1,,,1.70501709,57.18475342,,,,,,,,,,,,,,,,
,3968305211,299.9573975,-10606.78076,-0.210714311,1.10E-05,1,0.999551974,38.01703262,1.783583747,17.34000072,-1.965947046,-0.331710167,25,0.000131138,-0.210708972,-1.60E-06,299.9578247,299.9578247,-10628.80566,-10584.75586,55.31897682,18.0684171,41.83756256,0,0,0,38,299.9503784,1,6,1,,,1.705627441,56.20723343,,,,,,,,,,,,,,,,
,3968305225,299.9576263,-9905.658691,-0.210428397,3.53E-06,1,0.999551974,38.01703262,1.783460474,17.34000072,-1.963141229,-0.331269345,25,0.000127578,-0.210423061,-4.99E-06,299.9585571,299.9585571,-9933.678711,-9877.638672,55.34086242,18.06776139,41.81540298,0,0,0,38,299.947113,1,6,1,,,1.703033447,57.18475342,,,,,,,,,,,,,,,,
,3968305238,299.9615479,-9261.032715,-0.210132799,1.32E-05,1,0.999551974,38.01703262,1.783560587,17.34000072,-1.96049417,-0.330803703,25,0.000129388,-0.210127447,-3.01E-06,299.9606934,299.9606934,-9285.228516,-9236.836914,55.01257844,18.06726005,41.82783508,0,0,0,38,299.9398193,1,6,1,,,1.707000732,57.18475342,,,,,,,,,,,,,,,,
,3968305251,299.9661255,-8616.86084,-0.209828898,1.16E-05,1,0.999551974,38.01703262,1.783477096,17.34000072,-1.957559313,-0.330366419,25,0.000123176,-0.209823523,-9.04E-06,299.9662781,299.9662781,-8644.056641,-8589.665039,55.46045158,18.06900315,41.84080505,0,0,0,38,299.9230652,1,6,1,,,1.703338623,57.18475342,,,,,,,,,,,,,,,,
,3968305263,299.9647675,-8021.489258,-0.209493308,8.15E-06,1,0.999551974,38.01703262,1.783387834,17.34000072,-1.954296823,-0.330034133,25,0.000100239,-0.209487934,-3.18E-05,299.9644165,299.9644165,-8046.294922,-7996.683594,55.21189371,18.06839985,41.85540009,0,0,0,38,299.9187927,1,6,1,,,1.704864502,57.18475342,,,,,,,,,,,,,,,,
,3968305275,299.9616089,-7424.38501,-0.209109815,1.55E-05,1,0.999551974,38.01703262,1.783382589,17.34000072,-1.950736564,-0.329295082,25,0.000114433,-0.209104477,-1.74E-05,299.9618225,299.9618225,-7449.628906,-7399.141113,55.25488328,18.06842663,41.8562088,0,0,0,38,299.9180603,1,6,1,,,1.704711914,57.18475342,,,,,,,,,,,,,,,,
,3968305287,299.9581909,-6825.299561,-0.208661109,1.12E-05,1,0.999551974,38.01703262,1.783490616,17.34000072,-1.94667124,-0.328578985,25,0.000117313,-0.208655803,-1.42E-05,299.9585571,299.9585571,-6849.924316,-6800.674805,55.14780017,18.06765497,41.85107422,0,0,0,38,299.9232178,1,6,1,,,1.705627441,57.18475342,,,,,,,,,,,,,,,,
,3968305297,299.959198,-6302.115967,-0.208211632,1.36E-05,1,0.999551974,38.01703262,1.783441542,17.34000072,-1.94242414,-0.327870462,25,0.000116201,-0.20820633,-1.50E-05,299.9589844,299.9589844,-6351.588867,-6252.643066,55.34008079,18.06978671,41.85540009,0,0,0,38,299.9255066,1,6,1,,,1.705322266,57.18475342,,,,,,,,,,,,,,,,
,3968305308,299.9606171,-5779.299561,-0.207705679,1.19E-05,1,0.999551974,38.01703262,1.783669713,17.34000072,-1.937964434,-0.327010122,25,0.000127138,-0.207700387,-3.80E-06,299.9606934,299.9606934,-5804.109863,-5754.489258,55.22596303,18.0674981,41.86837006,0,0,0,38,299.9203491,1,6,1,,,1.70425415,57.18475342,,,,,,,,,,,,,,,,
,3968305319,299.9586182,-5233.777588,-0.206976233,1.31E-05,1,0.999551974,38.01703262,1.783630406,17.34000072,-1.931076031,-0.326095896,25,0.000100847,-0.206970955,-2.96E-05,299.9578247,299.9578247,-5255.602051,-5211.953125,55.32679311,18.06620818,41.85053635,0,0,0,38,299.9199219,1,6,1,,,1.704101563,56.69599533,,,,,,,,,,,,,,,,
,3968305328,299.9603271,-4783.710938,-0.206295074,6.26E-06,1,0.999551974,38.01703262,1.783550053,17.34000072,-1.92467914,-0.324752772,25,0.000127921,-0.206289819,-2.15E-06,299.9605408,299.9605408,-4808.321289,-4759.100586,55.22283651,18.06885281,41.86837006,0,0,0,38,299.9196472,1,6,1,,,1.704711914,56.20723343,,,,,,,,,,,,,,,,
,3968305337,299.9587555,-4338.60376,-0.20541433,9.28E-06,1,0.999551974,38.01703262,1.783681072,17.34000072,-1.916567337,-0.323582208,25,0.000106735,-0.205409094,-2.28E-05,299.9591064,299.9591064,-4360.025879,-4317.181641,55.33460939,18.0675301,41.86350632,0,0,0,38,299.9207764,1,6,1,,,1.704559326,57.18475342,,,,,,,,,,,,,,,,
,3968305346,299.9612579,-3888.034912,-0.204309502,7.70E-06,1,0.999551974,38.01703262,1.783536255,17.34000072,-1.90611376,-0.321778191,25,0.000110243,-0.204304281,-1.86E-05,299.9606934,299.9606934,-3909.254639,-3866.815186,55.20564068,18.06753115,41.8575592,0,0,0,38,299.9179382,1,6,1,,,1.71005249,56.69599533,,,,,,,,,,,,,,,,
,3968305354,299.9584656,-3493.381958,-0.202995129,1.11E-05,1,0.999551974,38.01703262,1.783540794,17.34000072,-1.893838556,-0.319812663,25,9.84E-05,-0.20298995,-2.96E-05,299.9591064,299.9591064,-3518.613525,-3468.150391,55.27598725,18.06679275,41.86296463,0,0,0,38,299.9184875,1,6,1,,,1.703338623,57.18475342,,,,,,,,,,,,,,,,
,3968305362,299.9579773,-3092.473877,-0.201140168,1.31E-05,1,0.999551974,38.01703262,1.783533345,17.34000072,-1.876571546,-0.316614619,25,0.000126936,-0.201135057,8.26E-08,299.9585571,299.9585571,-3116.853271,-3068.094482,55.24081397,18.06784966,41.85999298,0,0,0,38,299.9215088,1,6,1,,,1.70425415,56.69599533,,,,,,,,,,,,,,,,
,3968305369,299.9566803,-2740.984375,-0.198798066,7.29E-06,1,0.999551974,38.01703262,1.783556896,17.34000072,-1.854741807,-0.312948109,25,0.000123735,-0.198793019,-1.65E-06,299.9572449,299.9572449,-2768.670898,-2713.297852,55.16968577,18.06695835,41.86512756,0,0,0,38,299.9199219,1,6,1,,,1.70211792,56.20723343,,,,,,,,,,,,,,,,
,3968305377,299.9582672,-2345.433594,-0.194642988,2.77E-05,1,0.999551974,38.01703262,1.783560222,17.34000072,-1.815991725,-0.306333128,25,0.000129151,-0.194638043,6.38E-06,299.9579773,299.9579773,-2369.872559,-2320.994629,55.23768745,18.0697553,41.85540009,0,0,0,38,299.9205017,1,6,1,,,1.704864502,56.69599533,,,,,,,,,,,,,,,,
,3968305383,299.9578247,-2046.548096,-0.18954409,4.63E-05,1,0.999551974,38.01703262,1.783549365,17.34000072,-1.768409304,-0.298305996,25,0.000125838,-0.189539277,6.28E-06,299.9578247,299.9578247,-2070.972656,-2022.123535,55.30178099,18.06700705,41.86837006,0,0,0,38,299.9177856,1,6,1,,,1.705780029,56.20723343,,,,,,,,,,,,,,,,
,3968305389,299.9574738,-1748.333862,-0.181458746,7.25E-05,1,0.999551974,38.01703262,1.783571751,17.34000072,-1.692989503,-0.285619788,25,0.000116716,-0.181454137,2.25E-06,299.95755,299.95755,-1775.915649,-1720.752075,55.24941188,18.06817425,41.87188339,0,0,0,38,299.9190674,1,6,1,,,1.704406738,56.69599533,,,,,,,,,,,,,,,,
,3968305394,299.9569702,-1502.335632,-0.171296712,9.96E-05,1,0.999551974,38.01703262,1.783487421,17.34000072,-1.59809144,-0.269691585,25,0.000101658,-0.171292358,-6.40E-06,299.9569702,299.9569702,-1527.355469,-1477.315796,55.31585031,18.0694025,41.87269211,0,0,0,38,299.9220581,1,6,1,,,1.70501709,56.20723343,,,,,,,,,,,,,,,,
,3968305399,299.9560394,-1252.913452,-0.157105372,0.000137964,1,0.999551974,38.01703262,1.783480337,17.34000072,-1.465699942,-0.247285499,25,9.99E-05,-0.157101386,7.92E-07,299.9553833,299.9553833,-1277.928467,-1227.898438,55.19391626,18.0689148,41.87566757,0,0,0,38,299.9220581,1,6,1,,,1.705780029,57.18475342,,,,,,,,,,,,,,,,
,3968305404,299.9570313,-1003.360291,-0.138403119,0.000175175,1,0.999551974,38.01703262,1.783445801,17.34000072,-1.291217528,-0.21770781,25,0.000102588,-0.138399613,1.53E-05,299.9568176,299.9568176,-1027.372925,-979.3476563,55.39323153,18.06988507,41.87539673,0,0,0,38,299.921936,1,6,1,,,1.701202393,56.69599533,,,,,,,,,,,,,,,,
,3968305408,299.9572449,-809.5779724,-0.119736369,0.000210099,1,0.999551974,38.01703262,1.783479323,17.34000072,-1.117098007,-0.188292857,25,9.47E-05,-0.119733339,1.92E-05,299.9572449,299.9572449,-831.1905518,-787.9653931,55.21033046,18.06766657,41.88188171,0,0,0,38,299.9217834,1,6,1,,,1.70425415,57.18475342,,,,,,,,,,,,,,,,
,3968305412,299.9581146,-605.7977295,-0.097542463,0.000252389,1,0.999551974,38.01703262,1.783523533,17.34000072,-0.91007168,-0.15331909,25,8.53E-05,-0.097539997,2.38E-05,299.9573975,299.9573975,-630.4033203,-581.1921387,55.44091087,18.06866147,41.88539505,0,0,0,38,299.9200745,1,6,1,,,1.705932617,56.69599533,,,,,,,,,,,,,,,,
,3968305415,299.9579773,-455.2524872,-0.078237611,0.00028192,1,0.999551974,38.01703262,1.783414188,17.34000072,-0.72995115,-0.122745642,25,9.23E-05,-0.078235649,4.29E-05,299.95755,299.95755,-476.2650452,-434.2399292,55.19157137,18.06971086,41.89836502,0,0,0,38,299.9197693,1,6,1,,,1.705169678,58.65102768,,,,,,,,,,,,,,,,
,3968305418,299.9572601,-306.723999,-0.056495133,0.0003202,1,0.999551974,38.01703262,1.783503297,17.34000072,-0.527135009,-0.088557199,25,7.54E-05,-0.056493722,3.97E-05,299.95755,299.95755,-330.8414307,-282.6065674,55.27755051,18.06947176,41.88458252,0,0,0,38,299.9197693,1,6,1,,,1.702728271,56.69599533,,,,,,,,,,,,,,,,
,3968305420,299.9572449,-209.9542847,-0.040252108,0.000351402,1,0.999551974,38.01703262,1.783517164,17.34000072,-0.375602265,-0.062966526,25,6.76E-05,-0.040251112,4.22E-05,299.9572449,299.9572449,-234.1764679,-185.7321014,55.39557641,18.06950366,41.89539337,0,0,0,38,299.9222107,1,6,1,,,1.705627441,58.65102768,,,,,,,,,,,,,,,,
,3968305423,299.9568176,-45.9943428,-0.022200348,0.000399787,1,0.999551974,38.01703262,1.783401143,17.34000072,-0.207084476,-0.034460807,2.5,6.39E-05,-0.022199815,4.99E-05,299.9568176,299.9568176,-45.9943428,-45.9943428,55.38541524,18.06934,41.89890671,0,0,0,38,299.921936,1,6,1,,,1.704711914,56.69599533,,,,,,,,,,,,,,,,
,3968305424,299.9569702,-5.645451069,-0.001380635,0.000487881,1,0.999551974,38.01703262,1.783484844,17.34000072,-0.012972264,-0.001593339,2.5,6.29E-05,-0.001380639,6.21E-05,299.9569702,299.9569702,-21.14117813,9.850275993,55.35024196,18.0684325,41.88755798,0,0,0,38,299.9222107,1,6,1,,,1.706695557,56.69599533,,,,,,,,,,,,,,,,
,3968305425,299.9568329,34.28438139,0.009857987,0.000437054,1,0.999551974,38.01703262,1.78354229,17.34000072,0.091835812,0.016050005,2.5,5.17E-05,0.0098577,5.79E-05,299.9569702,299.9569702,9.850275993,58.71848679,55.24237723,18.06874283,41.89269257,0,0,0,38,299.9220581,1,6,1,,,1.705932617,56.69599533,,,,,,,,,,,,,,,,
,3968305426,299.956543,86.54079247,0.019926389,0.000400127,1,0.999551974,38.01703262,1.783564596,17.34000072,0.185738093,0.031828986,2.5,3.86E-05,0.019925851,5.12E-05,299.9566956,299.9566956,58.71848679,114.3630981,55.12044318,18.06937109,41.8962059,0,0,0,38,299.9220581,1,6,1,,,1.704406738,57.18475342,,,,,,,,,,,,,,,,
,3968305428,299.956192,187.4487381,0.03791169,0.000349085,1,0.999551974,38.01703262,1.78357737,17.34000072,0.353469452,0.060061436,2.5,2.03E-05,0.0379107,4.42E-05,299.9556885,299.9556885,162.7884369,212.1090393,55.24394048,18.06665316,41.89539337,0,0,0,38,299.921936,1,6,1,,,1.704406738,57.18475342,,,,,,,,,,,,,,,,
,3968305429,299.956543,236.5193329,0.046228065,0.000339026,1,0.999551974,38.01703262,1.783491928,17.34000072,0.430996346,0.073177448,2.5,1.88E-05,0.046226861,4.79E-05,299.9566956,299.9566956,212.1090393,260.9296265,55.19078974,18.06863621,41.89890671,0,0,0,38,299.9207764,1,6,1,,,1.70501709,57.18475342,,,,,,,,,,,,,,,,
,3968305432,299.9572601,390.3504028,0.069055145,0.000296946,1,0.999551974,38.01703262,1.783425321,17.34000072,0.643837806,0.109058954,2.5,1.33E-06,0.069053362,4.49E-05,299.95755,299.95755,365.7234192,414.9773865,55.31272379,18.07012795,41.89701462,0,0,0,38,299.9206543,1,6,1,,,1.703033447,56.20723343,,,,,,,,,,,,,,,,
,3968305434,299.9570465,485.4200592,0.082649335,0.000273799,1,0.999551974,38.01703262,1.783549465,17.34000072,0.770651904,0.130444388,2.5,-8.36E-06,0.082647208,4.38E-05,299.9566956,299.9566956,463.40271,507.4374084,55.4307497,18.06651055,41.89863586,0,0,0,38,299.9196472,1,6,1,,,1.70211792,57.18475342,,,,,,,,,,,,,,,,
,3968305438,299.9559631,681.9215393,0.10675209,0.000229894,1,0.999551974,38.01703262,1.783632419,17.34000072,0.995468567,0.168324249,2.5,-2.89E-05,0.106749357,3.84E-05,299.9558105,299.9558105,654.4087524,709.4343262,55.19391626,18.06792515,41.88215256,0,0,0,38,299.9207764,1,6,1,,,1.707458496,57.18475342,,,,,,,,,,,,,,,,
,3968305441,299.9558258,831.9214783,0.122369529,0.000203084,1,0.999551974,38.01703262,1.783640535,17.34000072,1.141120831,0.192868954,2.5,-4.19E-05,0.122366402,3.53E-05,299.9552612,299.9552612,807.1087646,856.7341919,55.4526353,18.06636588,41.89647293,0,0,0,38,299.9215088,1,6,1,,,1.708221436,57.67351151,,,,,,,,,,,,,,,,
,3968305445,299.955246,1049.871216,0.136096873,0.000175567,1,0.999551974,38.01703262,1.783512275,17.34000072,1.269668514,0.214557534,25,-5.05E-05,0.136093401,3.53E-05,299.9546814,299.9546814,1046.825928,1052.916504,55.42762318,18.06726886,41.88161087,0,0,0,38,299.9226379,1,6,1,,,1.703948975,57.18475342,,,,,,,,,,,,,,,,
,3968305450,299.9558258,1281.088013,0.158187074,0.000134041,1,0.999551974,38.01703262,1.78358608,17.34000072,1.475851944,0.24915214,25,-8.46E-05,0.158183052,1.52E-05,299.9552612,299.9552612,1253.446655,1308.72937,55.17124903,18.06739973,41.89890671,0,0,0,38,299.9240723,1,6,1,,,1.710357666,56.69599533,,,,,,,,,,,,,,,,
,3968305455,299.9568176,1530.68396,0.171837762,9.79E-05,1,0.999551974,38.01703262,1.783411509,17.34000072,1.603062498,0.270589951,25,-9.58E-05,0.171833391,1.26E-05,299.9563904,299.9563904,1506.445068,1554.922852,55.26113631,18.06896547,41.89863586,0,0,0,38,299.923645,1,6,1,,,1.707000732,56.69599533,,,,,,,,,,,,,,,,
,3968305461,299.9556885,1825.840942,0.1833132,6.50E-05,1,0.999551974,38.01703262,1.783448886,17.34000072,1.710137976,0.288744195,25,-9.38E-05,0.183308538,2.18E-05,299.9556885,299.9556885,1798.220947,1853.460938,55.44012924,18.06783046,41.90512085,0,0,0,38,299.9229431,1,6,1,,,1.706848145,58.65102768,,,,,,,,,,,,,,,,
,3968305467,299.9556885,2125.512207,0.190750601,3.98E-05,1,0.999551974,38.01703262,1.78361697,17.34000072,1.779697842,0.300417515,25,-0.000105035,0.190745755,1.53E-05,299.9556885,299.9556885,2098.311279,2152.713135,55.2306528,18.06883627,41.89404297,0,0,0,38,299.9230652,1,6,1,,,1.704101563,57.67351151,,,,,,,,,,,,,,,,
,3968305473,299.9543152,2424.955078,0.195431597,3.19E-05,1,0.999551974,38.01703262,1.783578496,17.34000072,1.823349275,0.307686906,25,-0.000117934,0.195426646,5.33E-06,299.9541016,299.9541016,2400.158936,2449.751221,55.42762318,18.06866549,41.89458084,0,0,0,38,299.9256592,1,6,1,,,1.704864502,57.18475342,,,,,,,,,,,,,,,,
,3968305480,299.9546814,2771.508911,0.198931042,2.21E-05,1,0.999551974,38.01703262,1.783630611,17.34000072,1.856048487,0.313224329,25,-0.000118009,0.198926,7.46E-06,299.9552612,299.9552612,2746.431885,2796.585938,55.27364237,18.06962379,41.90782547,0,0,0,38,299.9265137,1,6,1,,,1.705627441,57.18475342,,,,,,,,,,,,,,,,
,3968305487,299.9554596,3122.239014,0.201197281,2.20E-05,1,0.999551974,38.01703262,1.783455544,17.34000072,1.876995532,0.316861091,25,-0.000108741,0.201192171,1.81E-05,299.9551086,299.9551086,3097.666748,3146.811279,55.30490751,18.06999243,41.90377045,0,0,0,38,299.9255066,1,6,1,,,1.706085205,56.69599533,,,,,,,,,,,,,,,,
,3968305495,299.9539642,3521.782349,0.20303538,2.20E-05,1,0.999551974,38.01703262,1.783435534,17.34000072,1.894108127,0.319838224,25,-0.000100524,0.203030226,2.75E-05,299.9545288,299.9545288,3497.360107,3546.20459,55.50891255,18.06749102,41.88945007,0,0,0,38,299.9282227,1,6,1,,,1.705932617,56.69599533,,,,,,,,,,,,,,,,
,3968305503,299.9542542,3918.675903,0.204346159,1.66E-05,1,0.999551974,38.01703262,1.783503808,17.34000072,1.906411212,0.321894857,25,-0.00010334,0.204340972,2.55E-05,299.954834,299.954834,3896.891846,3940.459961,55.26738934,18.06775639,41.88539505,0,0,0,38,299.9319458,1,6,1,,,1.704559326,56.69599533,,,,,,,,,,,,,,,,
,3968305512,299.9540405,4366.121094,0.20546378,1.20E-05,1,0.999551974,38.01703262,1.783550859,17.34000072,1.916884634,0.323680053,25,-0.000102149,0.205458565,2.74E-05,299.9545288,299.9545288,4341.296387,4390.945801,55.4088641,18.06953721,41.90106964,0,0,0,38,299.9289246,1,6,1,,,1.703948975,56.69599533,,,,,,,,,,,,,,,,
,3968305521,299.954895,4815.164063,0.206323413,2.05E-05,1,0.999551974,38.01703262,1.7835644,17.34000072,1.924913438,0.325068886,25,-9.91E-05,0.20631817,3.10E-05,299.9545288,299.9545288,4790.806152,4839.521973,55.2361242,18.06704285,41.9021492,0,0,0,38,299.9315186,1,6,1,,,1.707611084,56.69599533,,,,,,,,,,,,,,,,
,3968305531,299.9543152,5310.0271,0.207081516,1.67E-05,1,0.999551974,38.01703262,1.783552532,17.34000072,1.931969885,0.326283588,25,-9.71E-05,0.207076256,3.35E-05,299.9541016,299.9541016,5285.407227,5334.646973,55.30959728,18.06918333,41.91376877,0,0,0,38,299.9305115,1,6,1,,,1.704864502,57.67351151,,,,,,,,,,,,,,,,
,3968305541,299.956192,5813.126221,0.207683965,1.55E-05,1,0.999551974,38.01703262,1.783452055,17.34000072,1.937531253,0.326932661,25,-0.000127582,0.2076787,3.35E-06,299.9566956,299.9566956,5785.118164,5841.134277,55.23377931,18.06838943,41.93647003,0,0,0,38,299.9310913,1,6,1,,,1.703491211,57.18475342,,,,,,,,,,,,,,,,
,3968305551,299.9546814,6310.882568,0.208199117,1.64E-05,1,0.999551974,38.01703262,1.783558597,17.34000072,1.942414304,0.327979013,25,-0.000104711,0.208193833,2.65E-05,299.9546814,299.9546814,6286.072266,6335.692871,55.2634812,18.06816307,41.90836334,0,0,0,38,299.9320984,1,6,1,,,1.704101563,57.18475342,,,,,,,,,,,,,,,,
,3968305563,299.9538269,6905.73877,0.20868424,1.82E-05,1,0.999551974,38.01703262,1.783479541,17.34000072,1.946874125,0.32862117,25,-0.000116499,0.208678958,1.50E-05,299.9525452,299.9525452,6878.137695,6933.339844,55.3705643,18.06960192,41.92403793,0,0,0,38,299.9353638,1,6,1,,,1.703491211,56.69599533,,,,,,,,,,,,,,,,
,3968305574,299.952179,7456.196777,0.209131672,9.46E-06,1,0.999551974,38.01703262,1.783505221,17.34000072,1.951038265,0.329552881,25,-9.29E-05,0.209126373,3.89E-05,299.9529724,299.9529724,7428.979004,7483.414551,55.26035468,18.0684264,41.92809296,0,0,0,38,299.935791,1,6,1,,,1.707000732,57.18475342,,,,,,,,,,,,,,,,
,3968305586,299.9515991,8053.022949,0.209502088,1.28E-05,1,0.999551974,38.01703262,1.783603354,17.34000072,1.954613631,0.330069826,25,-0.000102106,0.20949679,2.99E-05,299.9518127,299.9518127,8028.408203,8077.637695,55.33460939,18.0699155,41.93457794,0,0,0,38,299.9386597,1,6,1,,,1.70425415,57.18475342,,,,,,,,,,,,,,,,
,3968305598,299.9526825,8646.258301,0.209825821,1.37E-05,1,0.999551974,38.01703262,1.783548525,17.34000072,1.957613951,0.330340056,25,-0.000126889,0.209820525,5.33E-06,299.9519653,299.9519653,8621.46875,8671.047852,55.29787285,18.06933207,41.93403625,0,0,0,38,299.940094,1,6,1,,,1.705780029,57.18475342,,,,,,,,,,,,,,,,
,3968305611,299.9522552,9294.792969,0.210142701,1.76E-05,1,0.999551974,38.01703262,1.783522528,17.34000072,1.960530199,0.330906242,25,-0.000119345,0.210137396,1.31E-05,299.9523926,299.9523926,9273.023438,9316.5625,55.35024196,18.06793282,41.94971085,0,0,0,38,299.9399414,1,6,1,,,1.705780029,56.69599533,,,,,,,,,,,,,,,,
,3968305625,299.9511719,9991.991699,0.210471138,1.73E-05,1,0.999551974,38.01703262,1.783567397,17.34000072,1.963605682,0.331650786,25,-9.60E-05,0.210465818,3.66E-05,299.9513855,299.9513855,9967.203125,10016.78027,55.39088664,18.06864686,41.95835876,0,0,0,38,299.9453735,1,6,1,,,1.707000732,57.67351151,,,,,,,,,,,,,,,,
,3968305638,299.9517517,10644.19336,0.210715834,1.46E-05,1,0.999551974,38.01703262,1.783577233,17.34000072,1.965924839,0.3318867,25,-0.000112353,0.210710516,2.04E-05,299.9513855,299.9513855,10619.56641,10668.82031,55.39870293,18.06866463,41.95457458,0,0,0,38,299.9456787,1,6,1,,,1.705169678,57.67351151,,,,,,,,,,,,,,,,
,3968305652,299.9516754,11341.35986,0.210972811,1.49E-05,1,0.999551974,38.01703262,1.783522873,17.34000072,1.968259803,0.332304217,25,-0.000110042,0.210967487,2.28E-05,299.9519653,299.9519653,11316.54492,11366.1748,55.35493173,18.06932499,41.95187378,0,0,0,38,299.9426575,1,6,1,,,1.70425415,57.18475342,,,,,,,,,,,,,,,,
,3968305667,299.9503937,12086.89355,0.211200296,1.21E-05,1,0.999551974,38.01703262,1.783511435,17.34000072,1.970373592,0.332638196,25,-0.00011253,0.211194976,2.05E-05,299.9509583,299.9509583,12062.51172,12111.27539,55.28380354,18.06760597,41.95862961,0,0,0,38,299.946106,1,6,1,,,1.704864502,57.18475342,,,,,,,,,,,,,,,,
,3968305682,299.950882,12836.83984,0.211417139,1.38E-05,1,0.999551974,38.01703262,1.783501165,17.34000072,1.972368056,0.333080671,25,-0.000101604,0.211411805,3.15E-05,299.9513855,299.9513855,12815.40625,12858.27344,55.14154715,18.06806406,41.95484543,0,0,0,38,299.9479675,1,6,1,,,1.705169678,57.18475342,,,,,,,,,,,,,,,,
,3968305698,299.9512482,13625.84912,0.211614646,1.97E-05,1,0.999551974,38.01703262,1.783518532,17.34000072,1.974238092,0.333344121,25,-0.000107135,0.21160931,2.61E-05,299.9515381,299.9515381,13601.39844,13650.2998,55.25644654,18.06821841,41.98051834,0,0,0,38,299.9499512,1,6,1,,,1.705932617,57.18475342,,,,,,,,,,,,,,,,
,3968305714,299.9485168,14424.45264,0.211832533,1.57E-05,1,0.999551974,38.01703262,1.783548046,17.34000072,1.976290857,0.333764675,25,-9.95E-05,0.211827204,3.38E-05,299.9485168,299.9485168,14399.82324,14449.08203,55.21502023,18.06975401,41.96565247,0,0,0,38,299.9518127,1,6,1,,,1.704101563,57.18475342,,,,,,,,,,,,,,,,
,3968305730,299.9503937,15266.17334,0.212027148,1.34E-05,1,0.999551974,38.01703262,1.783430852,17.34000072,1.977995392,0.333953965,25,-0.000109863,0.212021812,2.36E-05,299.9509583,299.9509583,15238.34863,15293.99805,55.23456094,18.06932672,41.97052002,0,0,0,38,299.9552612,1,6,1,,,1.705932617,57.67351151,,,,,,,,,,,,,,,,
,3968305748,299.949173,16113.50781,0.212217118,1.78E-05,1,0.999551974,38.01703262,1.783421888,17.34000072,1.979748226,0.334308971,25,-0.000103785,0.212211782,2.98E-05,299.9490967,299.9490967,16082.87598,16144.13965,55.33929916,18.06899969,41.98403168,0,0,0,38,299.9580994,1,6,1,,,1.704711914,57.18475342,,,,,,,,,,,,,,,,
,3968305764,299.9483032,16954.49805,0.21236923,1.89E-05,1,0.999551974,38.01703262,1.78345353,17.34000072,1.981192165,0.334610973,25,-9.78E-05,0.212363893,3.58E-05,299.9485168,299.9485168,16930.26953,16978.72656,55.28693005,18.06902859,41.97511292,0,0,0,38,299.960968,1,6,1,,,1.703643799,57.67351151,,,,,,,,,,,,,,,,
,3968305782,299.9476013,17858.46777,0.212544431,1.84E-05,1,0.999551974,38.01703262,1.783361065,17.34000072,1.982725242,0.334874529,25,-9.74E-05,0.212539095,3.64E-05,299.9480896,299.9480896,17834.05078,17882.88477,55.29005656,18.07078942,41.98943329,0,0,0,38,299.9655457,1,6,1,,,1.704406738,57.18475342,,,,,,,,,,,,,,,,
,3968305800,299.9488983,18753.74121,0.212698999,1.26E-05,1,0.999551974,38.01703262,1.783462781,17.34000072,1.984265193,0.335211799,25,-8.94E-05,0.212693649,4.44E-05,299.9479675,299.9479675,18726.12109,18781.36133,55.38619687,18.07085318,41.99727249,0,0,0,38,299.9681396,1,6,1,,,1.705322266,57.18475342,,,,,,,,,,,,,,,,
,3968305819,299.95047,19697.40723,0.212840978,1.68E-05,1,0.999551974,38.01703262,1.783389921,17.34000072,1.985530428,0.335302785,25,-0.000102182,0.212835626,3.17E-05,299.9502563,299.9502563,19672.97461,19721.83984,55.34633382,18.06861768,41.97457123,0,0,0,38,299.9674072,1,6,1,,,1.70715332,56.69599533,,,,,,,,,,,,,,,,
,3968305838,299.9503937,20642.62109,0.212994836,1.76E-05,1,0.999551974,38.01703262,1.783599995,17.34000072,1.987219093,0.335441249,25,-0.000117519,0.212989492,1.64E-05,299.9515381,299.9515381,20617.99609,20667.24609,55.4198069,18.0694613,42.00754166,0,0,0,38,299.9644165,1,6,1,,,1.705169678,56.69599533,,,,,,,,,,,,,,,,
,3968305859,299.9483032,21685.3584,0.213141774,1.69E-05,1,0.999551974,38.01703262,1.783449418,17.34000072,1.988427512,0.335634514,25,-0.00011869,0.213136441,1.53E-05,299.9485168,299.9485168,21661.14844,21709.56836,55.40026619,18.06904349,41.99348831,0,0,0,38,299.9678345,1,6,1,,,1.70425415,56.69599533,,,,,,,,,,,,,,,,
,3968305879,299.9524689,22678.1709,0.213274807,1.36E-05,1,0.999551974,38.01703262,1.783599083,17.34000072,1.989810927,0.33599535,25,-0.000105466,0.213269441,2.86E-05,299.9515381,299.9515381,22651.13281,22705.20898,55.42449667,18.06807512,41.99565125,0,0,0,38,299.9661255,1,6,1,,,1.704864502,57.18475342,,,,,,,,,,,,,,,,
,3968305899,299.9516144,23670.59375,0.21341777,1.43E-05,1,0.999551974,38.01703262,1.783557031,17.34000072,1.991091682,0.336255112,25,-0.000100977,0.213412405,3.31E-05,299.9519653,299.9519653,23645.78125,23695.40625,55.26426282,18.06873738,42.00645828,0,0,0,38,299.9649658,1,6,1,,,1.705627441,57.18475342,,,,,,,,,,,,,,,,
,3968305920,299.950531,24715.06152,0.213533556,1.77E-05,1,0.999551974,38.01703262,1.783563832,17.34000072,1.992186774,0.33639546,25,-0.00010565,0.213528199,2.85E-05,299.9506836,299.9506836,24690.42969,24739.69336,55.31897682,18.06913539,42.01348495,0,0,0,38,299.9655457,1,6,1,,,1.701812744,57.18475342,,,,,,,,,,,,,,,,
,3968305942,299.9500275,25806.54199,0.21366698,8.79E-06,1,0.999551974,38.01703262,1.78346482,17.34000072,1.993312846,0.336648835,25,-9.91E-05,0.213661621,3.51E-05,299.9492493,299.9492493,25784.53711,25828.54688,55.27207911,18.0699798,42.0151062,0,0,0,38,299.9654236,1,6,1,,,1.70715332,57.18475342,,,,,,,,,,,,,,,,
,3968305964,299.9510956,26903.33105,0.213778199,1.83E-05,1,0.999551974,38.01703262,1.783500878,17.34000072,1.994386038,0.336853307,25,-9.67E-05,0.213772832,3.75E-05,299.9508057,299.9508057,26879.01953,26927.64258,55.28536679,18.06978917,42.02510452,0,0,0,38,299.9644165,1,6,1,,,1.703796387,57.18475342,,,,,,,,,,,,,,,,
,3968305988,299.9529724,28000.60059,0.213867973,3.89E-05,1,0.999551974,38.01703262,1.783545272,17.34000072,1.995300129,0.336837581,25,-0.000114434,0.213862607,1.98E-05,299.9535522,299.9535522,28000.38672,28000.81445,55.32366659,18.0662705,42.02105331,0,0,0,38,299.9612732,1,4,1,,,1.703948975,57.18475342,,,,,,,,,,,,,,,,
