[Header],,,,,,,,,,,,,,,,,,,,,,,,,,,,,,,,,,,,,,,,,,,,,,,,,,,
; VSM Data File (default extension .dat),,,,,,,,,,,,,,,,,,,,,,,,,,,,,,,,,,,,,,,,,,,,,,,,,,,
; Copyright (c) 2003-2018, Quantum Design, Inc. All rights reserved.,,,,,,,,,,,,,,,,,,,,,,,,,,,,,,,,,,,,,,,,,,,,,,,,,
TITLE,,,,,,,,,,,,,,,,,,,,,,,,,,,,,,,,,,,,,,,,,,,,,,,,,,,
FILEOPENTIME,3988425029,5/20/2026,8:58 AM,,,,,,,,,,,,,,,,,,,,,,,,,,,,,,,,,,,,,,,,,,,,,,,,
BYAPP,VSM,2,3,,,,,,,,,,,,,,,,,,,,,,,,,,,,,,,,,,,,,,,,,,,,,,,,
INFO,VersaLab VSM Option Release 1.5.2 Build 1,APPNAME,,,,,,,,,,,,,,,,,,,,,,,,,,,,,,,,,,,,,,,,,,,,,,,,,
INFO,Quantum Design Linear Motor Servo Controller,MOTOR_MODULE_NAME,,,,,,,,,,,,,,,,,,,,,,,,,,,,,,,,,,,,,,,,,,,,,,,,,
INFO,3101-100 J0,MOTOR_HW_VERSION,,,,,,,,,,,,,,,,,,,,,,,,,,,,,,,,,,,,,,,,,,,,,,,,,
INFO,MMC727,MOTOR_SERIAL_NUMBER,,,,,,,,,,,,,,,,,,,,,,,,,,,,,,,,,,,,,,,,,,,,,,,,,
INFO,SRV No X-over 01.03.11,MOTOR_SOFTWARE_VERSION,,,,,,,,,,,,,,,,,,,,,,,,,,,,,,,,,,,,,,,,,,,,,,,,,
INFO,Quantum Design VSM Detection Module,VSM_MODULE_NAME,,,,,,,,,,,,,,,,,,,,,,,,,,,,,,,,,,,,,,,,,,,,,,,,,
INFO,3101-150 F0,VSM_HW_VERSION,,,,,,,,,,,,,,,,,,,,,,,,,,,,,,,,,,,,,,,,,,,,,,,,,
INFO,VSM217,VSM_SERIAL_NUMBER,,,,,,,,,,,,,,,,,,,,,,,,,,,,,,,,,,,,,,,,,,,,,,,,,
INFO,VSM No X-over 01.02.05 May 20 2008 13:51:47,VSM_SOFTWARE_VERSION,,,,,,,,,,,,,,,,,,,,,,,,,,,,,,,,,,,,,,,,,,,,,,,,,
INFO,620,PREAMP_SERIAL_NUMBER,,,,,,,,,,,,,,,,,,,,,,,,,,,,,,,,,,,,,,,,,,,,,,,,,
INFO,Quantum Design VSM Oven Module,OVEN_MODULE_NAME,,,,,,,,,,,,,,,,,,,,,,,,,,,,,,,,,,,,,,,,,,,,,,,,,
INFO,unknown,OVEN_HW_VERSION,,,,,,,,,,,,,,,,,,,,,,,,,,,,,,,,,,,,,,,,,,,,,,,,,
INFO,,OVEN_SERIAL_NUMBER,,,,,,,,,,,,,,,,,,,,,,,,,,,,,,,,,,,,,,,,,,,,,,,,,
INFO,unknown,OVEN_SOFTWARE_VERSION,,,,,,,,,,,,,,,,,,,,,,,,,,,,,,,,,,,,,,,,,,,,,,,,,
INFO,725,COIL_SERIAL_NUMBER,,,,,,,,,,,,,,,,,,,,,,,,,,,,,,,,,,,,,,,,,,,,,,,,,
INFO,0,MOMENT_UNITS,,,,,,,,,,,,,,,,,,,,,,,,,,,,,,,,,,,,,,,,,,,,,,,,,
INFO,,SAMPLE_MATERIAL,,,,,,,,,,,,,,,,,,,,,,,,,,,,,,,,,,,,,,,,,,,,,,,,,
INFO,,SAMPLE_COMMENT,,,,,,,,,,,,,,,,,,,,,,,,,,,,,,,,,,,,,,,,,,,,,,,,,
INFO,5,SAMPLE_MASS,,,,,,,,,,,,,,,,,,,,,,,,,,,,,,,,,,,,,,,,,,,,,,,,,
INFO,,SAMPLE_VOLUME,,,,,,,,,,,,,,,,,,,,,,,,,,,,,,,,,,,,,,,,,,,,,,,,,
INFO,,SAMPLE_MOLECULAR_WEIGHT,,,,,,,,,,,,,,,,,,,,,,,,,,,,,,,,,,,,,,,,,,,,,,,,,
INFO,,SAMPLE_SIZE,,,,,,,,,,,,,,,,,,,,,,,,,,,,,,,,,,,,,,,,,,,,,,,,,
INFO,,SAMPLE_SHAPE,,,,,,,,,,,,,,,,,,,,,,,,,,,,,,,,,,,,,,,,,,,,,,,,,
DATATYPE,COMMENT,1,,,,,,,,,,,,,,,,,,,,,,,,,,,,,,,,,,,,,,,,,,,,,,,,,
DATATYPE,TIME,2,,,,,,,,,,,,,,,,,,,,,,,,,,,,,,,,,,,,,,,,,,,,,,,,,
STARTUPAXIS,X,2,,,,,,,,,,,,,,,,,,,,,,,,,,,,,,,,,,,,,,,,,,,,,,,,,
STARTUPAXIS,Y1,5,,,,,,,,,,,,,,,,,,,,,,,,,,,,,,,,,,,,,,,,,,,,,,,,,
[Data],,,,,,,,,,,,,,,,,,,,,,,,,,,,,,,,,,,,,,,,,,,,,,,,,,,
Comment,Time Stamp (sec),Temperature (K),Magnetic Field (Oe),Moment (emu),M. Std. Err. (emu),Transport Action,Averaging Time (sec),Frequency (Hz),Peak Amplitude (mm),Center Position (mm),Coil Signal' (mV),"Coil Signal"" (mV)",Range (mV),M. Quad. Signal (emu),M. Raw' (emu),"M. Raw"" (emu)",Min. Temperature (K),Max. Temperature (K),Min. Field (Oe),Max. Field (Oe),Mass (grams),Motor Lag (deg),Pressure (Torr),VSM Status (code),Motor Status (code),Measure Status (code),Measure Count,System Temp. (K),Temp. Status (code),Field Status (code),Chamber Status (code),Position Status (code),Compressor Status (code),Motor Current (amps),Motor Heatsink Temp. (C),Map 01,Map 02,Map 03,Map 04,Map 05,Map 06,Map 07,Map 08,Map 09,Map 10,Map 11,Map 12,Map 13,Map 14,Map 15,Map 16
sample offset = 33.27 mm touchdown = 9.15000028908253 mm,3988425780,299.9541016,-0.018754127,-0.001559744,2.15E-06,1,0.999551974,38.01703262,1.787281591,16.66999981,-0.014573832,-0.002473948,0.25,-5.82E-07,-0.001559703,-1.57E-06,299.9541016,299.9541016,-0.04970748,0.012199225,54.38805725,17.99201626,6.826282501,0,0,0,38,299.8344116,1,4,1,,,1.694793701,41.05572128,,,,,,,,,,,,,,,,
,3988425788,299.9541016,6.145726383,-0.001551353,1.11E-06,1,0.999551974,38.01703262,1.787307585,16.66999981,-0.014493279,-0.002474588,0.25,-2.07E-06,-0.001551311,-3.05E-06,299.9541016,299.9541016,0.916989684,11.37446308,54.53422179,17.99294902,6.831856728,0,0,0,38,299.8314209,1,6,1,,,1.695556641,42.03323746,,,,,,,,,,,,,,,,
,3988425788,299.9541016,45.6207819,,,1,0.999551974,38.01703262,1.787263467,16.66999981,0.155030943,0.027289996,0.25,,,,299.9541016,299.9541016,24.20820045,67.03336334,54.46074871,17.9952748,6.833597183,1,0,,38,299.8327026,1,6,1,,,1.695709229,42.52199554,,,,,,,,,,,,,,,,
,3988425791,299.9541016,202.4233551,0.053415508,0.000714501,1,0.999551974,38.01703262,1.787254434,16.66999981,0.498944015,0.085269376,2.5,7.95E-05,0.053414084,0.000113156,299.9541016,299.9541016,202.4233551,202.4233551,54.24032946,17.99670892,6.835400105,0,0,0,38,299.8305664,1,6,1,,,1.694793701,42.52199554,,,,,,,,,,,,,,,,
,3988425792,299.9541016,240.4197845,0.086085179,0.000648857,1,0.999551974,38.01703262,1.787263578,16.66999981,0.804209199,0.136831418,2.5,6.48E-05,0.086082923,0.000119155,299.9541016,299.9541016,221.6096802,259.2298889,54.65146606,17.99764838,6.836785316,0,0,0,38,299.8335571,1,6,1,,,1.706085205,42.52199554,,,,,,,,,,,,,,,,
,3988425795,299.9541016,389.45784,0.129796722,0.000566993,1,0.999551974,38.01703262,1.787270062,16.66999981,1.212667584,0.205720139,2.5,3.45E-05,0.129793362,0.000116404,299.9541016,299.9541016,364.4379883,414.4776917,54.35210234,17.99773154,6.839002132,0,0,0,38,299.8335571,1,6,1,,,1.697235107,42.52199554,,,,,,,,,,,,,,,,
,3988425799,299.9541016,559.4417419,0.155816281,0.000520841,1,0.999551974,38.01703262,1.787233026,16.66999981,1.456475337,0.246901351,25,2.28E-05,0.155812259,0.000121127,299.9541016,299.9541016,556.2583008,562.6251831,54.56079716,17.99700823,6.840703487,0,0,0,38,299.8332825,1,6,1,,,1.695709229,42.52199554,,,,,,,,,,,,,,,,
,3988425801,299.9541016,691.0101929,0.201067985,0.000424028,1,0.999551974,38.01703262,1.787193622,16.66999981,1.879470148,0.318302932,25,-2.20E-06,0.201062814,0.000124649,299.9541016,299.9541016,666.6903687,715.3300171,54.32161883,17.99910632,6.843806267,0,0,0,38,299.8344116,1,6,1,,,1.695251465,43.49951172,,,,,,,,,,,,,,,,
,3988425804,299.9541016,841.0387878,0.229355208,0.000361189,1,0.999551974,38.01703262,1.787254812,16.66999981,2.143976786,0.362967047,25,-1.62E-05,0.229349319,0.000128442,299.9541016,299.9541016,813.4093628,868.6682129,54.36070026,17.99931884,6.846196175,0,0,0,38,299.8365479,1,6,1,,,1.699066162,43.49951172,,,,,,,,,,,,,,,,
,3988425808,299.9541016,1036.175812,0.260078366,0.000282415,1,0.999551974,38.01703262,1.787232149,16.66999981,2.43118212,0.411345582,25,-4.38E-05,0.260071705,0.00012025,299.9541016,299.9541016,1014.391785,1057.959839,54.51937084,18.00061976,6.849244118,0,0,0,38,299.838562,1,6,1,,,1.69342041,43.98826981,,,,,,,,,,,,,,,,
,3988425813,299.9541016,1284.755127,0.288786312,0.000199802,1,0.999551974,38.01703262,1.787222836,16.66999981,2.699537734,0.456684187,25,-5.55E-05,0.28877892,0.000126658,299.9541016,299.9541016,1260.128174,1309.38208,54.44980591,18.00150639,6.852826118,0,0,0,38,299.838562,1,6,1,,,1.696166992,43.98826981,,,,,,,,,,,,,,,,
,3988425818,299.9541016,1539.348877,0.308544777,0.00013581,1,0.999551974,38.01703262,1.787175192,16.66999981,2.884157396,0.487944991,25,-5.63E-05,0.308536878,0.000138284,299.9541016,299.9541016,1514.726685,1563.971069,54.4881057,18.00115885,6.856433392,0,0,0,38,299.8424377,1,6,1,,,1.695556641,43.98826981,,,,,,,,,,,,,,,,
,3988425824,299.9541016,1830.889099,0.324045979,8.61E-05,1,0.999551974,38.01703262,1.787241358,16.66999981,3.029215045,0.51219084,25,-8.99E-05,0.324037703,0.000114535,299.9541016,299.9541016,1803.273926,1858.504272,54.41228774,18.00297503,6.86032629,0,0,0,38,299.8475647,1,6,1,,,1.695556641,44.47702789,,,,,,,,,,,,,,,,
,3988425829,299.9541016,2086.016113,0.332525542,5.92E-05,1,0.999551974,38.01703262,1.787180973,16.66999981,3.108418877,0.525347103,25,-0.000116736,0.332517065,9.30E-05,299.9541016,299.9541016,2061.491455,2110.540771,54.58580927,18.00229813,6.864266396,0,0,0,38,299.8528748,1,6,1,,,1.695556641,44.96578979,,,,,,,,,,,,,,,,
,3988425836,299.9541016,2434.381958,0.340436214,4.67E-05,1,0.999551974,38.01703262,1.787208411,16.66999981,3.182373193,0.53809969,25,-9.31E-05,0.34042752,0.000121608,299.9541016,299.9541016,2409.997803,2458.766113,54.36617166,18.00136934,6.868697643,0,0,0,38,299.8547058,1,6,1,,,1.694641113,45.45454788,,,,,,,,,,,,,,,,
,3988425843,299.9541016,2785.409668,0.345674136,3.69E-05,1,0.999551974,38.01703262,1.787187739,16.66999981,3.231316221,0.546278836,25,-0.000104575,0.345665316,0.000113442,299.9541016,299.9541016,2760.784912,2810.034424,54.6030051,18.00438759,6.874016762,0,0,0,38,299.8592834,1,6,1,,,1.695861816,44.96578979,,,,,,,,,,,,,,,,
,3988425850,299.9541016,3134.015991,0.34938452,2.87E-05,1,0.999551974,38.01703262,1.787129068,16.66999981,3.265904458,0.55207147,25,-0.000111384,0.34937561,0.000108963,299.9541016,299.9541016,3108.996094,3159.035889,54.54125644,18.00339749,6.878159046,0,0,0,38,299.8660278,1,6,1,,,1.695556641,45.94330597,,,,,,,,,,,,,,,,
,3988425858,299.9541016,3533.597656,0.352507814,2.97E-05,1,0.999551974,38.01703262,1.787102874,16.66999981,3.295045303,0.557040939,25,-0.000107845,0.352498822,0.000114459,299.9541016,299.9541016,3505.594482,3561.60083,54.61785604,18.00289079,6.883636475,0,0,0,38,299.8720093,1,6,1,,,1.699523926,45.45454788,,,,,,,,,,,,,,,,
,3988425866,299.9541016,3930.628906,0.354881749,2.52E-05,1,0.999551974,38.01703262,1.787098382,16.66999981,3.317235719,0.560741602,25,-0.000113834,0.354872701,0.000109954,299.9541016,299.9541016,3906.211426,3955.046387,54.56236041,18.00459933,6.889003277,0,0,0,38,299.8754578,1,6,1,,,1.69921875,46.43206406,,,,,,,,,,,,,,,,
,3988425875,299.9541016,4379.102783,0.356952067,2.25E-05,1,0.999551974,38.01703262,1.787047571,16.66999981,3.336486484,0.564047568,25,-0.000109092,0.356942964,0.000115988,299.9541016,299.9541016,4351.473145,4406.732422,54.64443141,18.00304905,6.893955708,0,0,0,38,299.8850403,1,6,1,,,1.697692871,46.43206406,,,,,,,,,,,,,,,,
,3988425884,299.9541016,4826.190674,0.358562764,2.94E-05,1,0.999551974,38.01703262,1.787033331,16.66999981,3.351579063,0.566214744,25,-0.00014954,0.358553647,7.65E-05,299.9541016,299.9541016,4801.530273,4850.851074,54.72962892,18.00348678,6.90036726,0,0,0,38,299.8910522,1,6,1,,,1.699981689,46.92082214,,,,,,,,,,,,,,,,
,3988425894,299.9541016,5321.544678,0.360082141,2.96E-05,1,0.999551974,38.01703262,1.787026422,16.66999981,3.3657344,0.568812325,25,-0.00012871,0.360072973,9.83E-05,299.9541016,299.9541016,5297.117676,5345.97168,54.75776754,18.00441278,6.905677795,0,0,0,38,299.8961792,1,6,1,,,1.694641113,47.40958023,,,,,,,,,,,,,,,,
,3988425904,299.9541016,5823.205566,0.361283044,1.93E-05,1,0.999551974,38.01703262,1.786989805,16.66999981,3.376931778,0.570461029,25,-0.000154467,0.361273862,7.33E-05,299.9541016,299.9541016,5798.366699,5848.044434,54.64599466,18.00277884,6.911548615,0,0,0,38,299.8977661,1,6,1,,,1.695861816,46.92082214,,,,,,,,,,,,,,,,
,3988425914,299.9541016,6322.121094,0.362341642,2.86E-05,1,0.999551974,38.01703262,1.786975341,16.66999981,3.386751782,0.572411093,25,-0.000124613,0.362332416,0.000103797,299.9541016,299.9541016,6297.311035,6346.931152,54.53500342,18.00513598,6.917433739,0,0,0,38,299.9023438,1,6,1,,,1.695709229,47.89833832,,,,,,,,,,,,,,,,
,3988425925,299.9541016,6869.376709,0.363310213,3.48E-05,1,0.999551974,38.01703262,1.786990865,16.66999981,3.395855241,0.573819293,25,-0.000138492,0.363300973,9.05E-05,299.9541016,299.9541016,6845.361816,6893.391602,54.5811195,18.00188163,6.923345566,0,0,0,38,299.9066162,1,6,1,,,1.695709229,47.40958023,,,,,,,,,,,,,,,,
,3988425937,299.9541016,7464.992676,0.364215326,2.49E-05,1,0.999551974,38.01703262,1.786956101,16.66999981,3.404224351,0.575392239,25,-0.000122301,0.364206054,0.000107248,299.9541016,299.9541016,7440.565918,7489.419434,54.59909695,18.00254526,6.930089951,0,0,0,38,299.9086304,1,6,1,,,1.694793701,48.38709641,,,,,,,,,,,,,,,,
,3988425949,299.9541016,8059.599609,0.36501584,1.22E-05,1,0.999551974,38.01703262,1.786958096,16.66999981,3.411738337,0.576491989,25,-0.00014026,0.365006561,8.98E-05,299.9541016,299.9541016,8034.779785,8084.419434,54.33178,18.00151772,6.936496735,0,0,0,38,299.9130554,1,6,1,,,1.696014404,48.87585831,,,,,,,,,,,,,,,,
,3988425961,299.9541016,8658.799316,0.365720801,2.88E-05,1,0.999551974,38.01703262,1.786956414,16.66999981,3.418331594,0.577562044,25,-0.000145087,0.365711509,8.54E-05,299.9541016,299.9541016,8634.18457,8683.414063,54.61472952,18.00049835,6.941497326,0,0,0,38,299.9169312,1,6,1,,,1.695556641,48.87585831,,,,,,,,,,,,,,,,
,3988425974,299.9541016,9308.555176,0.366415832,3.44E-05,1,0.999551974,38.01703262,1.786958219,16.66999981,3.42486277,0.578474668,25,-0.000165193,0.366406537,6.57E-05,299.9541016,299.9541016,9284.166016,9332.944336,54.67569655,18.00219766,6.948781967,0,0,0,38,299.917511,1,6,1,,,1.69631958,47.89833832,,,,,,,,,,,,,,,,
,3988425987,299.9541016,9959.359863,0.367009732,1.13E-05,1,0.999551974,38.01703262,1.786951482,16.66999981,3.430357284,0.57966988,25,-0.000137644,0.367000407,9.36E-05,299.9541016,299.9541016,9931.530273,9987.189453,54.70852495,18.00199054,6.954489231,0,0,0,38,299.9200745,1,6,1,,,1.695404053,48.87585831,,,,,,,,,,,,,,,,
,3988426001,299.9541016,10654.50098,0.367592066,2.85E-05,1,0.999551974,38.01703262,1.786956101,16.66999981,3.435798844,0.58065076,25,-0.000131453,0.367582724,0.000100099,299.9541016,299.9541016,10629.48145,10679.52051,54.47403639,18.00222374,6.96162653,0,0,0,38,299.9225159,1,6,1,,,1.696166992,49.36461639,,,,,,,,,,,,,,,,
,3988426015,299.9541016,11349.24902,0.36814627,2.93E-05,1,0.999551974,38.01703262,1.786907137,16.66999981,3.44088444,0.581523177,25,-0.000130276,0.368136915,0.000101597,299.9541016,299.9541016,11327.23633,11371.26172,54.67178841,18.00139959,6.967793465,0,0,0,38,299.9249268,1,6,1,,,1.696014404,49.85337448,,,,,,,,,,,,,,,,
,3988426030,299.9541016,12101.61084,0.368643035,1.17E-05,1,0.999551974,38.01703262,1.78691472,16.66999981,3.445538869,0.582327576,25,-0.00012857,0.368633669,0.000103584,299.9541016,299.9541016,12077.2793,12125.94238,54.54203807,18.00361951,6.974629879,0,0,0,38,299.9306641,1,6,1,,,1.698303223,49.36461639,,,,,,,,,,,,,,,,
,3988426045,299.9541016,12847.67529,0.369108425,2.32E-05,1,0.999551974,38.01703262,1.786894646,16.66999981,3.449851223,0.583053511,25,-0.000129002,0.369099051,0.000103413,299.9541016,299.9541016,12822.46094,12872.88965,54.83905691,18.00177491,6.980574608,0,0,0,38,299.9328003,1,6,1,,,1.695251465,50.34213257,,,,,,,,,,,,,,,,
,3988426061,299.9541016,13636.50098,0.369604704,2.11E-05,1,0.999551974,38.01703262,1.786889195,16.66999981,3.454509491,0.583657851,25,-0.000148172,0.369595331,8.45E-05,299.9541016,299.9541016,13612.43848,13660.56348,54.78825106,18.00251094,6.987084866,0,0,0,38,299.9373779,1,6,1,,,1.695404053,50.34213257,,,,,,,,,,,,,,,,
,3988426077,299.9541016,14436.62793,0.370024721,1.34E-05,1,0.999551974,38.01703262,1.786891914,16.66999981,3.458411695,0.584491253,25,-0.000130196,0.370015329,0.000102729,299.9541016,299.9541016,14412.40527,14460.85059,54.79997548,18.00256902,6.99341774,0,0,0,38,299.9430847,1,6,1,,,1.697235107,50.34213257,,,,,,,,,,,,,,,,
,3988426093,299.9541016,15228.28809,0.370403901,2.34E-05,1,0.999551974,38.01703262,1.786815104,16.66999981,3.461809724,0.585067269,25,-0.000130114,0.370394503,0.000103014,299.9541016,299.9541016,15203.67285,15252.90332,54.31614743,18.00176771,6.999376297,0,0,0,38,299.9442444,1,6,1,,,1.696472168,50.83089066,,,,,,,,,,,,,,,,
,3988426110,299.9541016,16081.77002,0.370818236,3.13E-05,1,0.999551974,38.01703262,1.786815382,16.66999981,3.465710222,0.585559159,25,-0.000147628,0.370808841,8.57E-05,299.9541016,299.9541016,16057.34766,16106.19238,54.67413329,18.00531993,7.006822586,0,0,0,38,299.9453735,1,6,1,,,1.697540283,50.83089066,,,,,,,,,,,,,,,,
,3988426128,299.9541016,16976.7959,0.371205173,2.53E-05,1,0.999551974,38.01703262,1.786822772,16.66999981,3.469327866,0.586248077,25,-0.00013966,0.371195766,9.39E-05,299.9541016,299.9541016,16949.16602,17004.42578,54.62723558,18.00442899,7.013480663,0,0,0,38,299.9521179,1,6,1,,,1.695251465,50.83089066,,,,,,,,,,,,,,,,
,3988426146,299.9541016,17870.33301,0.371575887,2.53E-05,1,0.999551974,38.01703262,1.786766087,16.66999981,3.472674422,0.586876462,25,-0.000133217,0.371566471,0.00010053,299.9541016,299.9541016,17845.71289,17894.95313,54.58033787,18.00212574,7.019440651,0,0,0,38,299.9512634,1,6,1,,,1.699523926,50.83089066,,,,,,,,,,,,,,,,
,3988426164,299.9541016,18773.59473,0.371904886,3.47E-05,1,0.999551974,38.01703262,1.786788761,16.66999981,3.475795127,0.587387282,25,-0.000135018,0.371895466,9.89E-05,299.9541016,299.9541016,18748.9707,18798.21875,54.63036209,18.00237179,7.025467396,0,0,0,38,299.9529724,1,6,1,,,1.697235107,51.31964874,,,,,,,,,,,,,,,,
,3988426183,299.9541016,19715.64355,0.37226585,3.06E-05,1,0.999551974,38.01703262,1.786777041,16.66999981,3.479138404,0.588000567,25,-0.000130082,0.372256421,0.000104015,299.9541016,299.9541016,19688.19727,19743.08984,54.66162724,18.00315713,7.031982899,0,0,0,38,299.9528198,1,6,1,,,1.696777344,51.31964874,,,,,,,,,,,,,,,,
,3988426202,299.9541016,20658.97949,0.372563765,2.92E-05,1,0.999551974,38.01703262,1.7868124,16.66999981,3.481991302,0.588475854,25,-0.000130857,0.372554333,0.000103383,299.9541016,299.9541016,20631.16406,20686.79492,54.77652663,18.00028865,7.038519859,0,0,0,38,299.9501038,1,6,1,,,1.69631958,50.83089066,,,,,,,,,,,,,,,,
,3988426222,299.9541016,21657.6084,0.372909564,3.47E-05,1,0.999551974,38.01703262,1.786733404,16.66999981,3.485085381,0.588919495,25,-0.000139179,0.372900132,9.52E-05,299.9541016,299.9541016,21635.82031,21679.39648,54.74057172,18.0030813,7.044416904,0,0,0,38,299.9508057,1,6,1,,,1.695861816,51.80840683,,,,,,,,,,,,,,,,
,3988426242,299.9541016,22654.83301,0.373185958,2.99E-05,1,0.999551974,38.01703262,1.786793812,16.66999981,3.487775823,0.589423515,25,-0.000134097,0.37317652,0.00010044,299.9541016,299.9541016,22630.23242,22679.43359,54.63896001,18.00221466,7.0504632,0,0,0,38,299.9523926,1,6,1,,,1.695709229,51.80840683,,,,,,,,,,,,,,,,
,3988426263,299.9541016,23701.66602,0.373490383,2.22E-05,1,0.999551974,38.01703262,1.786808929,16.66999981,3.490644392,0.589941788,25,-0.000130672,0.373480939,0.000104006,299.9541016,299.9541016,23677.24219,23726.08984,54.74916963,18.00125729,7.056885242,0,0,0,38,299.9469604,1,6,1,,,1.695404053,52.29716492,,,,,,,,,,,,,,,,
,3988426284,299.9541016,24743.89648,0.373778622,1.09E-05,1,0.999551974,38.01703262,1.786785764,16.66999981,3.49326522,0.590559374,25,-0.000112554,0.373769163,0.000122254,299.9541016,299.9541016,24718.67969,24769.11328,54.58346438,18.0011731,7.062755108,0,0,0,38,299.946106,1,6,1,,,1.699066162,52.29716492,,,,,,,,,,,,,,,,
,3988426305,299.9541016,25793.71875,0.374038995,2.70E-05,1,0.999551974,38.01703262,1.786757455,16.66999981,3.49564732,0.590944608,25,-0.000114399,0.374029536,0.000120521,299.9541016,299.9541016,25769.09375,25818.34375,54.82342434,18.00100182,7.069023132,0,0,0,38,299.9469604,1,6,1,,,1.696929932,52.29716492,,,,,,,,,,,,,,,,
,3988426327,299.9541016,26884.53418,0.374321854,2.33E-05,1,0.999551974,38.01703262,1.786769739,16.66999981,3.498354787,0.5911571,25,-0.000139941,0.374312408,9.51E-05,299.9541016,299.9541016,26859.5918,26909.47656,54.61316627,18.00086578,7.075460434,0,0,0,38,299.9495239,1,6,1,,,1.695556641,52.78592682,,,,,,,,,,,,,,,,
,3988426352,299.9541016,28000.58594,0.374563816,2.43E-05,1,0.999551974,38.01703262,1.786776686,16.66999981,3.500644309,0.591454018,25,-0.000149335,0.374554375,8.58E-05,299.9541016,299.9541016,28000.16797,28001.00391,54.84921808,18.00130387,7.08156395,0,0,0,38,299.9472351,1,4,1,,,1.696929932,53.27468491,,,,,,,,,,,,,,,,
,3988426360,299.9541016,27989.92871,0.374568982,2.54E-05,1,0.999551974,38.01703262,1.78675819,16.66999981,3.500630114,0.591615578,25,-0.000132281,0.37455953,0.000102864,299.9541016,299.9541016,27986.75,27993.10742,54.79919385,18.00076506,7.082959652,0,0,0,38,299.944397,1,6,1,,,1.695404053,52.78592682,,,,,,,,,,,,,,,,
,3988426383,299.9541016,26853.9873,0.374321306,1.96E-05,1,0.999551974,38.01703262,1.786705483,16.66999981,3.498195756,0.591316919,25,-0.00012052,0.374311848,0.000114526,299.9541016,299.9541016,26828.7793,26879.19531,54.78981431,18.00150117,7.089073181,0,0,0,38,299.9459534,1,6,1,,,1.695098877,52.78592682,,,,,,,,,,,,,,,,
,3988426405,299.9541016,25760.09766,0.374046538,2.12E-05,1,0.999551974,38.01703262,1.786707691,16.66999981,3.495650219,0.590776689,25,-0.000131923,0.37403709,0.000103004,299.9541016,299.9541016,25735.09766,25785.09766,54.72728403,18.00277045,7.095215321,0,0,0,38,299.9398193,1,6,1,,,1.695709229,53.27468491,,,,,,,,,,,,,,,,
,3988426426,299.9541016,24707.27344,0.373777852,1.31E-05,1,0.999551974,38.01703262,1.786722444,16.66999981,3.493172815,0.590325189,25,-0.000135293,0.373768408,9.95E-05,299.9541016,299.9541016,24682.6582,24731.88867,54.72259426,18.00239563,7.100275993,0,0,0,38,299.9430847,1,6,1,,,1.695098877,53.27468491,,,,,,,,,,,,,,,,
,3988426448,299.9541016,23617.14453,0.37347306,2.74E-05,1,0.999551974,38.01703262,1.786711295,16.66999981,3.490304988,0.589828395,25,-0.000136499,0.37346362,9.82E-05,299.9541016,299.9541016,23592.71094,23641.57813,54.86485065,18.00187673,7.10509491,0,0,0,38,299.9422302,1,6,1,,,1.695404053,53.27468491,,,,,,,,,,,,,,,,
,3988426468,299.9541016,22620.3623,0.373207842,3.32E-05,1,0.999551974,38.01703262,1.786685117,16.66999981,3.487742505,0.589600717,25,-0.000115086,0.373198392,0.000119466,299.9541016,299.9541016,22598.1543,22642.57031,55.03524567,18.00090144,7.10959816,0,0,0,38,299.9412231,1,6,1,,,1.695251465,53.76344299,,,,,,,,,,,,,,,,
,3988426489,299.9541016,21575.91504,0.372891453,2.51E-05,1,0.999551974,38.01703262,1.786642549,16.66999981,3.48470333,0.589093614,25,-0.000114345,0.372882006,0.000120058,299.9541016,299.9541016,21551.2793,21600.55078,54.8359304,18.00005269,7.113907337,0,0,0,38,299.940094,1,6,1,,,1.695709229,53.76344299,,,,,,,,,,,,,,,,
,3988426508,299.9541016,20626.10352,0.372588772,3.67E-05,1,0.999551974,38.01703262,1.786627458,16.66999981,3.481839549,0.588648179,25,-0.000110271,0.372579326,0.000123986,299.9541016,299.9541016,20598.67383,20653.5332,54.67804143,18.00074054,7.118267059,0,0,0,38,299.9360962,1,6,1,,,1.694793701,53.76344299,,,,,,,,,,,,,,,,
,3988426528,299.9541016,19633.75977,0.372236593,1.62E-05,1,0.999551974,38.01703262,1.786609535,16.66999981,3.478534985,0.587963482,25,-0.000123324,0.372227161,0.000110758,299.9541016,299.9541016,19609.37109,19658.14844,54.75073289,18.00192823,7.122093678,0,0,0,38,299.9432373,1,6,1,,,1.69708252,54.25220108,,,,,,,,,,,,,,,,
,3988426546,299.9541016,18737.24316,0.371935776,2.58E-05,1,0.999551974,38.01703262,1.78660071,16.66999981,3.475756183,0.587195201,25,-0.00015433,0.371926367,7.96E-05,299.9541016,299.9541016,18712.84961,18761.63672,54.50842805,18.002183,7.125550747,0,0,0,38,299.9419556,1,6,1,,,1.695861816,54.25220108,,,,,,,,,,,,,,,,
,3988426565,299.9541016,17790.75,0.371587557,2.50E-05,1,0.999551974,38.01703262,1.786559657,16.66999981,3.472390214,0.586831164,25,-0.000132941,0.371578139,0.000100818,299.9541016,299.9541016,17766.75,17814.75,54.88360973,18.00265907,7.129892349,0,0,0,38,299.9430847,1,6,1,,,1.695861816,53.76344299,,,,,,,,,,,,,,,,
,3988426583,299.9541016,16894.46191,0.371205496,1.66E-05,1,0.999551974,38.01703262,1.786638461,16.66999981,3.468905615,0.58663163,25,-9.23E-05,0.371196059,0.000141221,299.9541016,299.9541016,16870.27734,16918.64648,54.65224769,18.00028019,7.133565426,0,0,0,38,299.9390869,1,6,1,,,1.695861816,54.25220108,,,,,,,,,,,,,,,,
,3988426600,299.9541016,16046.42627,0.370834573,2.71E-05,1,0.999551974,38.01703262,1.786540868,16.66999981,3.465320857,0.585619262,25,-0.000134538,0.370825169,9.88E-05,299.9541016,299.9541016,16018.78516,16074.06738,54.74604312,18.00184388,7.136818409,0,0,0,38,299.9379578,1,6,1,,,1.696624756,54.25220108,,,,,,,,,,,,,,,,
,3988426617,299.9541016,15196.09229,0.370437651,2.00E-05,1,0.999551974,38.01703262,1.786546644,16.66999981,3.461600242,0.585126807,25,-0.00012025,0.370428245,0.000112901,299.9541016,299.9541016,15171.04785,15221.13672,54.81638968,18.002451,7.139745712,0,0,0,38,299.9402466,1,6,1,,,1.697235107,53.76344299,,,,,,,,,,,,,,,,
,3988426633,299.9541016,14398.67627,0.370039886,3.34E-05,1,0.999551974,38.01703262,1.786499325,16.66999981,3.457786458,0.58452547,25,-0.000115648,0.370030485,0.000117287,299.9541016,299.9541016,14374.65234,14422.7002,54.87423019,18.00112108,7.143556118,0,0,0,38,299.941803,1,6,1,,,1.696014404,54.74095917,,,,,,,,,,,,,,,,
,3988426650,299.9541016,13553.6333,0.369573493,1.65E-05,1,0.999551974,38.01703262,1.78650143,16.66999981,3.453440924,0.583738284,25,-0.000121011,0.369564104,0.000111668,299.9541016,299.9541016,13528.99219,13578.27441,54.96724399,18.00194736,7.145713329,0,0,0,38,299.9456787,1,6,1,,,1.694641113,54.25220108,,,,,,,,,,,,,,,,
,3988426665,299.9541016,12805.89307,0.369125109,3.25E-05,1,0.999551974,38.01703262,1.786548143,16.66999981,3.449346699,0.583001434,25,-0.000125557,0.369115732,0.000106871,299.9541016,299.9541016,12778.28223,12833.50391,54.9648991,18.00112689,7.149377346,0,0,0,38,299.9430847,1,6,1,,,1.699523926,54.25220108,,,,,,,,,,,,,,,,
,3988426680,299.9541016,12053.96387,0.368677526,2.02E-05,1,0.999551974,38.01703262,1.786545758,16.66999981,3.445153885,0.582327852,25,-0.000121786,0.368668155,0.000110391,299.9541016,299.9541016,12032.58203,12075.3457,54.60925812,18.00212858,7.152041912,0,0,0,38,299.9371033,1,6,1,,,1.697387695,54.74095917,,,,,,,,,,,,,,,,
,3988426695,299.9541016,11313.4668,0.368138099,1.99E-05,1,0.999551974,38.01703262,1.786567465,16.66999981,3.440161722,0.581437412,25,-0.000126489,0.368128743,0.000105379,299.9541016,299.9541016,11289.03516,11337.89844,54.95317467,18.00072052,7.154264927,0,0,0,38,299.9388123,1,6,1,,,1.701202393,54.74095917,,,,,,,,,,,,,,,,
,3988426709,299.9541016,10612.68555,0.367628349,2.09E-05,1,0.999551974,38.01703262,1.786535902,16.66999981,3.435319978,0.580733272,25,-0.000114463,0.367618995,0.000117113,299.9541016,299.9541016,10588.46582,10636.90527,54.75854917,18.00244235,7.15736866,0,0,0,38,299.9392395,1,6,1,,,1.696624756,54.74095917,,,,,,,,,,,,,,,,
,3988426723,299.9541016,9915.513184,0.36703113,2.48E-05,1,0.999551974,38.01703262,1.786530145,16.66999981,3.429721709,0.579827522,25,-0.000110078,0.367021786,0.000121149,299.9541016,299.9541016,9890.895508,9940.130859,54.83827528,18.00151545,7.158967018,0,0,0,38,299.9349365,1,6,1,,,1.696472168,54.74095917,,,,,,,,,,,,,,,,
,3988426736,299.9541016,9271.768555,0.366419957,2.18E-05,1,0.999551974,38.01703262,1.78654859,16.66999981,3.424060349,0.578778404,25,-0.000119494,0.366410633,0.000111375,299.9541016,299.9541016,9247.169922,9296.367188,54.8195162,18.00195033,7.161346912,0,0,0,38,299.9379578,1,6,1,,,1.698455811,54.74095917,,,,,,,,,,,,,,,,
,3988426749,299.9541016,8619.817871,0.365737959,3.16E-05,1,0.999551974,38.01703262,1.786524098,16.66999981,3.417658739,0.577591211,25,-0.000130233,0.365728657,0.000100232,299.9541016,299.9541016,8598.036133,8641.599609,54.9375421,18.00062172,7.164286137,0,0,0,38,299.9413757,1,6,1,,,1.700439453,54.74095917,,,,,,,,,,,,,,,,
,3988426761,299.9541016,8024.377197,0.36504299,2.48E-05,1,0.999551974,38.01703262,1.786541576,16.66999981,3.411158423,0.57672826,25,-0.000105494,0.365033688,0.000124555,299.9541016,299.9541016,8000.135742,8048.618652,54.95551956,18.00099835,7.165249825,0,0,0,38,299.9386597,1,6,1,,,1.694946289,54.74095917,,,,,,,,,,,,,,,,
,3988426773,299.9541016,7429.148926,0.36424988,3.57E-05,1,0.999551974,38.01703262,1.786517843,16.66999981,3.403728082,0.575318996,25,-0.000121207,0.364240607,0.000108365,299.9541016,299.9541016,7407.479492,7450.818359,54.92034628,18.00204565,7.167815208,0,0,0,38,299.9371033,1,6,1,,,1.698608398,55.22971725,,,,,,,,,,,,,,,,
,3988426785,299.9541016,6830.929932,0.36333729,2.56E-05,1,0.999551974,38.01703262,1.786523191,16.66999981,3.395241232,0.57369681,25,-0.000140453,0.36332805,8.86E-05,299.9541016,299.9541016,6806.307617,6855.552246,55.00945193,18.00238789,7.169993877,0,0,0,38,299.9390869,1,6,1,,,1.697387695,56.20723343,,,,,,,,,,,,,,,,
,3988426796,299.9541016,6281.08667,0.362350818,1.84E-05,1,0.999551974,38.01703262,1.786561961,16.66999981,3.386056134,0.572380671,25,-0.000115551,0.362341586,0.000112867,299.9541016,299.9541016,6256.262207,6305.911133,55.02899264,18.00104319,7.171240807,0,0,0,38,299.9386597,1,6,1,,,1.695556641,55.22971725,,,,,,,,,,,,,,,,
,3988426806,299.9541016,5780.973145,0.361327167,2.90E-05,1,0.999551974,38.01703262,1.78656028,16.66999981,3.376492256,0.570733915,25,-0.000118371,0.361317961,0.000109419,299.9541016,299.9541016,5756.150879,5805.79541,54.90002393,18.00041954,7.172498703,0,0,0,38,299.9422302,1,6,1,,,1.69708252,54.74095917,,,,,,,,,,,,,,,,
,3988426817,299.9541016,5235.253662,0.359988624,3.06E-05,1,0.999551974,38.01703262,1.78652455,16.66999981,3.363914002,0.568632701,25,-0.00011536,0.35997945,0.000111605,299.9541016,299.9541016,5210.038574,5260.46875,54.95551956,18.00278176,7.174530506,0,0,0,38,299.9409485,1,6,1,,,1.696777344,55.22971725,,,,,,,,,,,,,,,,
,3988426826,299.9541016,4786.125244,0.358652381,3.57E-05,1,0.999551974,38.01703262,1.786532214,16.66999981,3.35144249,0.566518769,25,-0.000115546,0.35864324,0.000110591,299.9541016,299.9541016,4761.919434,4810.331055,55.01492333,18.00121249,7.176239014,0,0,0,38,299.9376526,1,6,1,,,1.695861816,54.74095917,,,,,,,,,,,,,,,,
,3988426835,299.9541016,4340.815674,0.35699993,2.00E-05,1,0.999551974,38.01703262,1.786535006,16.66999981,3.335998685,0.563953729,25,-0.000110291,0.356990827,0.00011482,299.9541016,299.9541016,4316.395996,4365.235352,54.70149029,18.00136429,7.17748785,0,0,0,38,299.9367981,1,6,1,,,1.696624756,55.22971725,,,,,,,,,,,,,,,,
,3988426844,299.9541016,3891.351563,0.354941109,3.70E-05,1,0.999551974,38.01703262,1.786532077,16.66999981,3.31673528,0.560814677,25,-9.75E-05,0.354932049,0.000126376,299.9541016,299.9541016,3866.724609,3915.978516,54.87344856,18.00139683,7.178565502,0,0,0,38,299.9402466,1,6,1,,,1.69708252,54.74095917,,,,,,,,,,,,,,,,
,3988426852,299.9541016,3495.07959,0.352573399,3.33E-05,1,0.999551974,38.01703262,1.786559199,16.66999981,3.294692151,0.556887724,25,-0.000117596,0.352564412,0.000104751,299.9541016,299.9541016,3470.055176,3520.104004,54.84296505,18.0015624,7.179469109,0,0,0,38,299.9403687,1,6,1,,,1.696014404,54.74095917,,,,,,,,,,,,,,,,
,3988426860,299.9541016,3093.576538,0.349440248,2.79E-05,1,0.999551974,38.01703262,1.786544478,16.66999981,3.26536964,0.552039575,25,-0.000105315,0.349431332,0.000115068,299.9541016,299.9541016,3068.775879,3118.377197,54.7538594,18.00148266,7.180912018,0,0,0,38,299.9378052,1,6,1,,,1.699371338,56.20723343,,,,,,,,,,,,,,,,
,3988426868,299.9541016,2701.495117,0.345076857,3.74E-05,1,0.999551974,38.01703262,1.786542574,16.66999981,3.224581916,0.545206804,25,-9.75E-05,0.345068048,0.00012016,299.9541016,299.9541016,2673.92041,2729.069824,54.93519722,18.00108443,7.182976723,0,0,0,38,299.9356689,1,6,1,,,1.697540283,55.22971725,,,,,,,,,,,,,,,,
,3988426874,299.9541016,2392.89502,0.340437265,4.38E-05,1,0.999551974,38.01703262,1.786483451,16.66999981,3.181153415,0.537685413,25,-0.00011476,0.340428585,1.00E-04,299.9541016,299.9541016,2370.920654,2414.869385,55.05009661,18.00153374,7.182029724,0,0,0,38,299.9402466,1,6,1,,,1.695556641,55.22971725,,,,,,,,,,,,,,,,
,3988426881,299.9541016,2048.541077,0.332540099,6.46E-05,1,0.999551974,38.01703262,1.786493539,16.66999981,3.107381356,0.525189696,25,-0.000114876,0.332531621,9.49E-05,299.9541016,299.9541016,2023.237915,2073.844238,54.89924231,18.00111907,7.184274197,0,0,0,38,299.9412231,1,6,1,,,1.701660156,55.22971725,,,,,,,,,,,,,,,,
,3988426887,299.9541016,1749.174561,0.322002819,9.33E-05,1,0.999551974,38.01703262,1.786501453,16.66999981,3.008915021,0.508638753,25,-0.000101754,0.321994603,0.000101361,299.9541016,299.9541016,1724.552368,1773.796753,54.74682474,18.00256821,7.185371876,0,0,0,38,299.9367981,1,6,1,,,1.697845459,55.22971725,,,,,,,,,,,,,,,,
,3988426892,299.9541016,1502.804871,0.308590895,0.000135834,1,0.999551974,38.01703262,1.786499818,16.66999981,2.883584529,0.487463697,25,-9.63E-05,0.30858302,9.83E-05,299.9541016,299.9541016,1477.987427,1527.622314,54.7812164,18.00159031,7.186137199,0,0,0,38,299.9392395,1,6,1,,,1.696929932,55.22971725,,,,,,,,,,,,,,,,
,3988426897,299.9541016,1251.866028,0.288535698,0.000202618,1,0.999551974,38.01703262,1.786538771,16.66999981,2.696287669,0.455506559,25,-0.000120783,0.288528354,6.12E-05,299.9541016,299.9541016,1229.455811,1274.276245,54.80466525,18.00178534,7.186663151,0,0,0,38,299.9398193,1,6,1,,,1.701812744,55.22971725,,,,,,,,,,,,,,,,
,3988426902,299.9541016,1002.931976,0.259149627,0.000289855,1,0.999551974,38.01703262,1.786542819,16.66999981,2.421702496,0.409031721,25,-0.000117523,0.259143037,4.60E-05,299.9541016,299.9541016,978.5288696,1027.335083,54.803102,18.00124468,7.187217712,0,0,0,38,299.9371033,1,6,1,,,1.694641113,54.74095917,,,,,,,,,,,,,,,,
,3988426906,299.9541016,803.5304565,0.22701316,0.000372523,1,0.999551974,38.01703262,1.786496764,16.66999981,2.121366901,0.358140633,25,-0.000119978,0.227007397,2.32E-05,299.9541016,299.9541016,775.9224243,831.1384888,54.92269116,18.00135078,7.18756485,0,0,0,38,299.9388123,1,6,1,,,1.712036133,55.22971725,,,,,,,,,,,,,,,,
,3988426910,299.9541016,610.2195435,0.186253963,0.000474057,1,0.999551974,38.01703262,1.786500003,16.66999981,1.740506331,0.293730701,25,-0.000109987,0.186249242,7.52E-06,299.9541016,299.9541016,585.5830078,634.8560791,54.87344856,18.00216525,7.188326836,0,0,0,38,299.938385,1,6,1,,,1.69631958,56.69599533,,,,,,,,,,,,,,,,
,3988426912,299.9541016,477.4772644,0.149400698,0.000547056,1,0.999551974,38.01703262,1.786499951,16.66999981,1.396150238,0.235432018,25,-0.000107431,0.149396923,-1.32E-05,299.9541016,299.9541016,431.0162964,523.9382324,55.21033046,18.00270447,7.188466549,0,0,0,38,299.9353638,1,6,1,,,1.701202393,54.74095917,,,,,,,,,,,,,,,,
,3988426916,299.9541016,304.2027588,0.107000571,0.000627681,1,0.999551974,38.01703262,1.786528107,16.66999981,0.999990656,0.168297603,25,-0.000111305,0.106997889,-4.38E-05,299.9541016,299.9541016,282.1925354,326.2129822,55.06103941,18.00080707,7.189024925,0,0,0,38,299.9356689,1,6,1,,,1.696777344,55.22971725,,,,,,,,,,,,,,,,
,3988426918,299.9541016,204.3115082,0.075355404,0.00068723,1,0.999551974,38.01703262,1.786501886,16.66999981,0.704275515,0.118286942,25,-0.000103574,0.075353531,-5.60E-05,299.9541016,299.9541016,176.4987183,232.1242981,55.01648658,18.00105218,7.189024925,0,0,0,38,299.9366455,1,6,1,,,1.697235107,54.74095917,,,,,,,,,,,,,,,,
,3988426920,299.9541016,102.5844879,0.040340765,0.000768594,1,0.999551974,38.01703262,1.786498307,16.66999981,0.377096981,0.062905338,25,-0.000100212,0.04033979,-7.48E-05,299.9541016,299.9541016,77.96228027,127.2066956,54.87110368,18.00144123,7.189579964,0,0,0,38,299.9369507,1,6,1,,,1.694335938,55.22971725,,,,,,,,,,,,,,,,
,3988426923,299.9541016,-61.03972816,-0.021112082,0.000808656,1,0.999551974,38.01703262,1.786494914,16.66999981,-0.197015541,-0.034315813,2.5,-9.86E-05,-0.021111477,-0.000111938,299.9541016,299.9541016,-66.72800446,-55.35145187,54.73666357,18.00032687,7.18975544,0,0,0,38,299.9356689,1,6,1,,,1.696624756,55.22971725,,,,,,,,,,,,,,,,
,3988426924,299.9541016,-91.56450272,-0.039815886,0.000744247,1,0.999551974,38.01703262,1.786476768,16.66999981,-0.371711747,-0.063782846,2.5,-8.60E-05,-0.039814808,-0.000111134,299.9541016,299.9541016,-116.401001,-66.72800446,55.01726821,18.00141847,7.189776897,0,0,0,38,299.9369507,1,6,1,,,1.697845459,55.22971725,,,,,,,,,,,,,,,,
,3988426925,299.9541016,-141.2160721,-0.057330735,0.000708467,1,0.999551974,38.01703262,1.786514863,16.66999981,-0.535314177,-0.09138944,2.5,-7.53E-05,-0.057329213,-0.000111503,299.9541016,299.9541016,-166.0311432,-116.401001,54.89767905,18.00093503,7.19053936,0,0,0,38,299.9363708,1,6,1,,,1.695404053,55.22971725,,,,,,,,,,,,,,,,
,3988426927,299.9541016,-242.0930557,-0.089673077,0.00064188,1,0.999551974,38.01703262,1.786473676,16.66999981,-0.837374116,-0.142418387,2.5,-6.17E-05,-0.089670732,-0.000118309,299.9541016,299.9541016,-264.1199341,-220.0661774,54.72337589,18.00230094,7.190324783,0,0,0,38,299.935791,1,6,1,,,1.701507568,54.74095917,,,,,,,,,,,,,,,,
,3988426930,299.9541016,-391.9549408,-0.132789059,0.000552945,1,0.999551974,38.01703262,1.786487307,16.66999981,-1.240102121,-0.210315697,2.5,-2.92E-05,-0.132785625,-0.000112998,299.9541016,299.9541016,-416.1819153,-367.7279663,55.06494755,18.00188953,7.191076756,0,0,0,38,299.9352417,1,6,1,,,1.698455811,55.22971725,,,,,,,,,,,,,,,,
,3988426934,299.9541016,-608.1332397,-0.181816043,0.000464797,1,0.999551974,38.01703262,1.786451011,16.66999981,-1.698805341,-0.287809963,25,-8.84E-06,-0.181811361,-0.000123536,299.9541016,299.9541016,-611.1405029,-605.1259766,55.03837218,18.00201857,7.191438198,0,0,0,38,299.9386597,1,6,1,,,1.700744629,55.22971725,,,,,,,,,,,,,,,,
,3988426936,299.9541016,-691.1119995,-0.203139264,0.000423823,1,0.999551974,38.01703262,1.786476183,16.66999981,-1.898104855,-0.321338349,25,1.48E-05,-0.203134048,-0.000113395,299.9541016,299.9541016,-715.8580322,-666.3659668,54.85312622,18.00054418,7.191452503,0,0,0,38,299.9382324,1,6,1,,,1.698303223,55.22971725,,,,,,,,,,,,,,,,
,3988426939,299.9541016,-842.1263123,-0.231171428,0.000358454,1,0.999551974,38.01703262,1.78647396,16.66999981,-2.16005578,-0.365533705,25,3.25E-05,-0.231165503,-0.000113286,299.9541016,299.9541016,-863.9389038,-820.3137207,54.90393208,18.00157436,7.192223072,0,0,0,38,299.9396667,1,6,1,,,1.697540283,55.71847534,,,,,,,,,,,,,,,,
,3988426943,299.9541016,-1040.075348,-0.261637171,0.000277201,1,0.999551974,38.01703262,1.786487314,16.66999981,-2.444773522,-0.413537058,25,5.53E-05,-0.261630477,-0.000109721,299.9541016,299.9541016,-1068.064331,-1012.086365,54.64130489,18.0034613,7.192928791,0,0,0,38,299.9398193,1,6,1,,,1.69921875,56.20723343,,,,,,,,,,,,,,,,
,3988426948,299.9541016,-1317.065063,-0.294474955,0.000181899,1,0.999551974,38.01703262,1.786512576,16.66999981,-2.751645081,-0.465489142,25,5.77E-05,-0.294467419,-0.000128101,299.9541016,299.9541016,-1363.887939,-1270.242188,54.74760637,18.00016493,7.193917751,0,0,0,38,299.9402466,1,6,1,,,1.698150635,55.22971725,,,,,,,,,,,,,,,,
,3988426953,299.9541016,-1541.272156,-0.309472967,0.000130052,1,0.999551974,38.01703262,1.786468313,16.66999981,-2.891728531,-0.489134788,25,6.60E-05,-0.309465051,-0.000129222,299.9541016,299.9541016,-1565.303833,-1517.240479,54.79528571,18.00074478,7.195014477,0,0,0,38,299.9406738,1,6,1,,,1.695556641,55.22971725,,,,,,,,,,,,,,,,
,3988426958,299.9541016,-1786.425232,-0.322580088,8.99E-05,1,0.999551974,38.01703262,1.786469767,16.66999981,-3.014243015,-0.509623736,25,9.32E-05,-0.322571852,-0.000110315,299.9541016,299.9541016,-1811.040283,-1761.810181,54.88673625,18.00081405,7.195516586,0,0,0,38,299.9403687,1,6,1,,,1.696014404,55.22971725,,,,,,,,,,,,,,,,
,3988426964,299.9541016,-2084.767822,-0.332938945,6.02E-05,1,0.999551974,38.01703262,1.786487492,16.66999981,-3.111045611,-0.526127269,25,8.19E-05,-0.332930436,-0.000128105,299.9541016,299.9541016,-2111.911621,-2057.624023,55.02742938,18.00262529,7.195721149,0,0,0,38,299.9413757,1,6,1,,,1.700439453,54.74095917,,,,,,,,,,,,,,,,
,3988426971,299.9541016,-2434.548096,-0.340682718,3.82E-05,1,0.999551974,38.01703262,1.786453875,16.66999981,-3.183373758,-0.538192179,25,0.000101162,-0.340674023,-0.000113717,299.9541016,299.9541016,-2458.951172,-2410.14502,55.01648658,18.00002489,7.197374344,0,0,0,38,299.9411011,1,6,1,,,1.696777344,55.71847534,,,,,,,,,,,,,,,,
,3988426978,299.9541016,-2781.649536,-0.345838032,4.30E-05,1,0.999551974,38.01703262,1.786473224,16.66999981,-3.231573594,-0.546378772,25,9.88E-05,-0.345829204,-0.000119366,299.9541016,299.9541016,-2806.514648,-2756.784424,54.87735671,18.00101922,7.197747707,0,0,0,38,299.9362183,1,6,1,,,1.694793701,55.22971725,,,,,,,,,,,,,,,,
,3988426985,299.9541016,-3130.560669,-0.349531993,2.65E-05,1,0.999551974,38.01703262,1.786461699,16.66999981,-3.26604373,-0.55236647,25,8.32E-05,-0.349523061,-0.000137252,299.9541016,299.9541016,-3155.5354,-3105.585938,54.95004816,18.00209612,7.198903084,0,0,0,38,299.940094,1,6,1,,,1.696014404,54.74095917,,,,,,,,,,,,,,,,
,3988426993,299.9541016,-3530.039917,-0.35259957,2.89E-05,1,0.999551974,38.01703262,1.786483643,16.66999981,-3.294766385,-0.557106106,25,9.62E-05,-0.352590568,-0.000126174,299.9541016,299.9541016,-3557.271729,-3502.808105,54.84374668,18.00040211,7.199872017,0,0,0,38,299.9392395,1,6,1,,,1.696472168,55.22971725,,,,,,,,,,,,,,,,
,3988427001,299.9541016,-3929.899902,-0.354953646,1.87E-05,1,0.999551974,38.01703262,1.786450519,16.66999981,-3.316718587,-0.560724399,25,0.000106552,-0.354944592,-0.000117282,299.9541016,299.9541016,-3954.717285,-3905.08252,54.78356128,18.00034932,7.200841427,0,0,0,38,299.9432373,1,6,1,,,1.693878174,55.71847534,,,,,,,,,,,,,,,,
,3988427010,299.9541016,-4374.056641,-0.357023986,1.41E-05,1,0.999551974,38.01703262,1.786442802,16.66999981,-3.3360667,-0.563893554,25,0.000117755,-0.357014887,-0.00010737,299.9541016,299.9541016,-4395.869141,-4352.244141,55.08683315,18.00213628,7.202159405,0,0,0,38,299.9388123,1,6,1,,,1.69708252,55.22971725,,,,,,,,,,,,,,,,
,3988427018,299.9541016,-4825.831299,-0.358668543,1.74E-05,1,0.999551974,38.01703262,1.786468923,16.66999981,-3.351460471,-0.566623801,25,0.000104938,-0.358659395,-0.000121208,299.9541016,299.9541016,-4850.332031,-4801.330566,54.77418174,18.0024751,7.202924728,0,0,0,38,299.9396667,1,6,1,,,1.696472168,55.22971725,,,,,,,,,,,,,,,,
,3988427028,299.9541016,-5320.001221,-0.36013358,2.44E-05,1,0.999551974,38.01703262,1.786481381,16.66999981,-3.36514503,-0.569107372,25,8.77E-05,-0.360124384,-0.000139385,299.9541016,299.9541016,-5347.428223,-5292.574219,54.90549533,18.00264074,7.204512596,0,0,0,38,299.938385,1,6,1,,,1.697540283,55.22971725,,,,,,,,,,,,,,,,
,3988427039,299.9541016,-5821.285889,-0.361341936,1.71E-05,1,0.999551974,38.01703262,1.786470681,16.66999981,-3.376472935,-0.570679251,25,0.000123722,-0.361332733,-0.000104076,299.9541016,299.9541016,-5845.496094,-5797.075684,54.95082979,18.00069397,7.206011772,0,0,0,38,299.9382324,1,6,1,,,1.696777344,55.71847534,,,,,,,,,,,,,,,,
,3988427048,299.9541016,-6317.244629,-0.362375145,2.05E-05,1,0.999551974,38.01703262,1.786459212,16.66999981,-3.386040469,-0.57269578,25,8.25E-05,-0.362365892,-0.000145934,299.9541016,299.9541016,-6342.064453,-6292.424805,55.03837218,18.00136826,7.206986427,0,0,0,38,299.9390869,1,6,1,,,1.694641113,55.71847534,,,,,,,,,,,,,,,,
,3988427060,299.9541016,-6867.843262,-0.363339615,1.00E-05,1,0.999551974,38.01703262,1.786424996,16.66999981,-3.394974901,-0.574291615,25,7.39E-05,-0.363330334,-0.000155137,299.9541016,299.9541016,-6892.449219,-6843.237305,55.04071707,18.00107159,7.208939552,0,0,0,38,299.9396667,1,6,1,,,1.695709229,55.22971725,,,,,,,,,,,,,,,,
,3988427071,299.9541016,-7461.94043,-0.364268085,1.65E-05,1,0.999551974,38.01703262,1.786432215,16.66999981,-3.403719696,-0.575431578,25,0.00010935,-0.364258804,-0.000120232,299.9541016,299.9541016,-7486.172363,-7437.708496,54.94379513,18.00203155,7.209878922,0,0,0,38,299.9367981,1,6,1,,,1.695861816,55.71847534,,,,,,,,,,,,,,,,
,3988427083,299.9541016,-8062.151855,-0.365057893,2.53E-05,1,0.999551974,38.01703262,1.786445979,16.66999981,-3.411102072,-0.576821359,25,9.48E-05,-0.365048584,-0.000135237,299.9541016,299.9541016,-8087.171387,-8037.132324,54.95630119,18.00257353,7.211405277,0,0,0,38,299.9378052,1,6,1,,,1.696014404,55.22971725,,,,,,,,,,,,,,,,
,3988427095,299.9541016,-8659.537109,-0.365768732,2.46E-05,1,0.999551974,38.01703262,1.786418255,16.66999981,-3.417717408,-0.577787188,25,0.000110883,-0.365759417,-0.000119599,299.9541016,299.9541016,-8684.157227,-8634.916992,55.00945193,18.00271977,7.213191509,0,0,0,38,299.9390869,1,6,1,,,1.696166992,55.71847534,,,,,,,,,,,,,,,,
,3988427108,299.9541016,-9309.841309,-0.366451475,2.80E-05,1,0.999551974,38.01703262,1.78644452,16.66999981,-3.424144556,-0.578883846,25,0.000110012,-0.366442145,-0.000120874,299.9541016,299.9541016,-9334.830078,-9284.852539,55.01492333,18.00132843,7.214780331,0,0,0,38,299.9382324,1,6,1,,,1.699981689,55.71847534,,,,,,,,,,,,,,,,
,3988427122,299.9541016,-9956.919434,-0.36706158,2.43E-05,1,0.999551974,38.01703262,1.786406748,16.66999981,-3.429799922,-0.579685105,25,0.00012628,-0.367052246,-0.000104966,299.9541016,299.9541016,-9984.532227,-9929.306641,54.95239304,18.00324174,7.21596241,0,0,0,38,299.9392395,1,6,1,,,1.697692871,55.22971725,,,,,,,,,,,,,,,,
,3988427135,299.9541016,-10652.8252,-0.367645328,2.73E-05,1,0.999551974,38.01703262,1.786416046,16.66999981,-3.435230377,-0.580855477,25,0.000100176,-0.367635965,-0.000131409,299.9541016,299.9541016,-10677.62109,-10628.0293,54.97349701,18.00209352,7.218151093,0,0,0,38,299.9416809,1,6,1,,,1.696166992,55.22971725,,,,,,,,,,,,,,,,
,3988427149,299.9541016,-11348.96777,-0.368162965,3.17E-05,1,0.999551974,38.01703262,1.786388848,16.66999981,-3.440004425,-0.581732067,25,9.31E-05,-0.368153586,-0.00013881,299.9541016,299.9541016,-11370.21387,-11327.72168,54.86172414,18.00177196,7.219778061,0,0,0,38,299.9411011,1,6,1,,,1.698608398,55.22971725,,,,,,,,,,,,,,,,
,3988427164,299.9541016,-12095.03662,-0.368702206,1.16E-05,1,0.999551974,38.01703262,1.786407876,16.66999981,-3.445112279,-0.582393043,25,0.000114278,-0.36869283,-0.000117913,299.9541016,299.9541016,-12122.81836,-12067.25488,55.0360273,18.00261086,7.221355438,0,0,0,38,299.9372253,1,6,1,,,1.696166992,55.71847534,,,,,,,,,,,,,,,,
,3988427179,299.9541016,-12839.76953,-0.369170923,9.78E-06,1,0.999551974,38.01703262,1.786407238,16.66999981,-3.449460825,-0.583309817,25,9.55E-05,-0.369161525,-0.000136964,299.9541016,299.9541016,-12864.18945,-12815.34961,55.07823524,18.00139736,7.223731518,0,0,0,38,299.9416809,1,6,1,,,1.695709229,55.71847534,,,,,,,,,,,,,,,,
,3988427195,299.9541016,-13642.80469,-0.369651761,1.48E-05,1,0.999551974,38.01703262,1.78638375,16.66999981,-3.453892609,-0.5841603,25,8.51E-05,-0.369642348,-0.000147657,299.9541016,299.9541016,-13660.66699,-13624.94238,55.06260267,18.00340908,7.225111485,0,0,0,38,299.9386597,1,6,1,,,1.69708252,54.74095917,,,,,,,,,,,,,,,,
,3988427211,299.9541016,-14435.87939,-0.370074666,3.41E-05,1,0.999551974,38.01703262,1.786391799,16.66999981,-3.457873794,-0.584745991,25,9.42E-05,-0.370065251,-0.000138706,299.9541016,299.9541016,-14463.69238,-14408.06641,54.9758419,18.00260757,7.227103233,0,0,0,38,299.9363708,1,6,1,,,1.695404053,55.71847534,,,,,,,,,,,,,,,,
,3988427227,299.9541016,-15233.77832,-0.370473479,1.66E-05,1,0.999551974,38.01703262,1.786366022,16.66999981,-3.461588034,-0.58515104,25,0.000117524,-0.370464071,-0.000115648,299.9541016,299.9541016,-15258.79395,-15208.7627,55.02664775,18.00313154,7.227949142,0,0,0,38,299.9378052,1,6,1,,,1.69708252,55.71847534,,,,,,,,,,,,,,,,
,3988427244,299.9541016,-16084.19482,-0.370877829,3.02E-05,1,0.999551974,38.01703262,1.786362384,16.66999981,-3.465363009,-0.5857665,25,0.000119973,-0.370868415,-0.000113416,299.9541016,299.9541016,-16108.81445,-16059.5752,55.01726821,18.00329208,7.230155468,0,0,0,38,299.9406738,1,6,1,,,1.700286865,55.71847534,,,,,,,,,,,,,,,,
,3988427262,299.9541016,-16976.71875,-0.371270762,2.34E-05,1,0.999551974,38.01703262,1.786346683,16.66999981,-3.468984581,-0.586500422,25,0.000107391,-0.371261334,-0.000126204,299.9541016,299.9541016,-17000.90039,-16952.53711,54.83202225,18.00072791,7.232885361,0,0,0,38,299.9426575,1,6,1,,,1.697235107,55.71847534,,,,,,,,,,,,,,,,
,3988427280,299.9541016,-17871.46484,-0.371642895,2.29E-05,1,0.999551974,38.01703262,1.786356352,16.66999981,-3.472476819,-0.58711054,25,0.00010541,-0.37163346,-0.000128379,299.9541016,299.9541016,-17899.47266,-17843.45703,54.97818679,18.00345143,7.233993053,0,0,0,38,299.9403687,1,6,1,,,1.697387695,55.71847534,,,,,,,,,,,,,,,,
,3988427298,299.9541016,-18769.78418,-0.371980492,2.36E-05,1,0.999551974,38.01703262,1.786316332,16.66999981,-3.47552308,-0.587819298,25,8.53E-05,-0.371971038,-0.000148651,299.9541016,299.9541016,-18794.4043,-18745.16406,54.94379513,18.00435106,7.235775471,0,0,0,38,299.941803,1,6,1,,,1.700744629,56.20723343,,,,,,,,,,,,,,,,
,3988427317,299.9541016,-19719.37012,-0.372298474,3.26E-05,1,0.999551974,38.01703262,1.786346779,16.66999981,-3.478566103,-0.58824931,25,9.41E-05,-0.372289022,-0.00013997,299.9541016,299.9541016,-19743.57813,-19695.16211,54.7702736,18.00199935,7.237823009,0,0,0,38,299.9390869,1,6,1,,,1.694793701,55.71847534,,,,,,,,,,,,,,,,
,3988427336,299.9541016,-20666.24121,-0.372627374,2.85E-05,1,0.999551974,38.01703262,1.786331714,16.66999981,-3.481594879,-0.588856135,25,8.43E-05,-0.372617911,-0.000149941,299.9541016,299.9541016,-20690.41797,-20642.06445,54.81795294,18.00306097,7.239694595,0,0,0,38,299.9409485,1,6,1,,,1.695861816,55.71847534,,,,,,,,,,,,,,,,
,3988427356,299.9541016,-21664.40137,-0.372948812,1.86E-05,1,0.999551974,38.01703262,1.786342835,16.66999981,-3.484675218,-0.589038596,25,0.000119588,-0.372939367,-0.000114847,299.9541016,299.9541016,-21689.07422,-21639.72852,54.94457676,18.00402252,7.242143631,0,0,0,38,299.941803,1,6,1,,,1.697845459,55.71847534,,,,,,,,,,,,,,,,
,3988427376,299.9541016,-22660.60352,-0.373253801,2.63E-05,1,0.999551974,38.01703262,1.786310222,16.66999981,-3.487465826,-0.589490742,25,0.000121675,-0.373244354,-0.000112904,299.9541016,299.9541016,-22682.42383,-22638.7832,54.91487488,18.00227586,7.243810177,0,0,0,38,299.9429626,1,6,1,,,1.697540283,56.20723343,,,,,,,,,,,,,,,,
,3988427396,299.9541016,-23658.16797,-0.373527146,2.15E-05,1,0.999551974,38.01703262,1.786266313,16.66999981,-3.48992509,-0.589971765,25,0.000114918,-0.373517692,-0.000119785,299.9541016,299.9541016,-23682.97852,-23633.35742,54.96802561,18.00456089,7.246090889,0,0,0,38,299.9412231,1,6,1,,,1.697540283,55.71847534,,,,,,,,,,,,,,,,
,3988427418,299.9541016,-24751.47363,-0.373826103,2.45E-05,1,0.999551974,38.01703262,1.786208948,16.66999981,-3.492619837,-0.590358555,25,0.000122112,-0.37381665,-0.000112726,299.9541016,299.9541016,-24772.68359,-24730.26367,54.74604312,18.00717535,7.247624397,0,0,0,38,299.9396667,1,6,1,,,1.697235107,55.71847534,,,,,,,,,,,,,,,,
,3988427439,299.9541016,-25794.12793,-0.374100228,1.06E-05,1,0.999551974,38.01703262,1.786246511,16.66999981,-3.495240294,-0.590878435,25,0.000114144,-0.374090767,-0.000120815,299.9541016,299.9541016,-25819.3125,-25768.94336,54.93597885,18.00621879,7.249711514,0,0,0,38,299.9389343,1,6,1,,,1.695098877,55.71847534,,,,,,,,,,,,,,,,
,3988427461,299.9541016,-26891.2168,-0.374386961,2.15E-05,1,0.999551974,38.01703262,1.786223046,16.66999981,-3.497861671,-0.591398354,25,0.000106189,-0.374377493,-0.000128896,299.9541016,299.9541016,-26916.11719,-26866.31641,54.85078134,18.00459581,7.251802921,0,0,0,38,299.9429626,1,6,1,,,1.701660156,56.20723343,,,,,,,,,,,,,,,,
,3988427485,299.9541016,-28003.45801,-0.374624076,4.45E-05,1,0.999551974,38.01703262,1.786129357,16.66999981,-3.4999417,-0.591480421,25,0.000134257,-0.374614623,-0.000100922,299.9541016,299.9541016,-28006.71094,-28000.20508,54.79372246,18.0122716,7.254125595,0,0,0,38,299.9363708,1,4,1,,,1.697692871,54.74095917,,,,,,,,,,,,,,,,
,3988427493,299.9541016,-27998.31445,-0.374635263,3.28E-05,1,0.999551974,38.01703262,1.786128993,16.66999981,-3.50001869,-0.591656402,25,0.000117302,-0.3746258,-0.000117884,299.9541016,299.9541016,-27998.31445,-27998.31445,54.95004816,18.01033121,7.25417614,0,0,0,38,299.9388123,1,6,1,,,1.69708252,56.20723343,,,,,,,,,,,,,,,,
,3988427516,299.9541016,-26864.49805,-0.374366177,1.78E-05,1,0.999551974,38.01703262,1.78606289,16.66999981,-3.497439194,-0.590848594,25,0.000155963,-0.37435674,-7.91E-05,299.9541016,299.9541016,-26892.31641,-26836.67969,54.96333584,18.01335698,7.256325245,0,0,0,38,299.9399414,1,6,1,,,1.69921875,55.71847534,,,,,,,,,,,,,,,,
,3988427538,299.9541016,-25764.89746,-0.374101491,1.49E-05,1,0.999551974,38.01703262,1.786025045,16.66999981,-3.494870899,-0.59055423,25,0.000141387,-0.374092047,-9.36E-05,299.9541016,299.9541016,-25786.10938,-25743.68555,54.7866878,18.0151512,7.258416653,0,0,0,38,299.9393921,1,6,1,,,1.702575684,56.20723343,,,,,,,,,,,,,,,,
,3988427560,299.9541016,-24667.03516,-0.37379957,1.76E-05,1,0.999551974,38.01703262,1.786012379,16.66999981,-3.492035814,-0.590015884,25,0.000147496,-0.373790133,-8.73E-05,299.9541016,299.9541016,-24694.28125,-24639.78906,54.88673625,18.01456954,7.261024475,0,0,0,38,299.9413757,1,6,1,,,1.704101563,56.20723343,,,,,,,,,,,,,,,,
,3988427581,299.9541016,-23628.19629,-0.373524213,2.80E-05,1,0.999551974,38.01703262,1.786036841,16.66999981,-3.489535935,-0.589437113,25,0.000163713,-0.373514789,-7.10E-05,299.9541016,299.9541016,-23650.23438,-23606.1582,54.98600307,18.01549864,7.26231575,0,0,0,38,299.9413757,1,6,1,,,1.702728271,56.20723343,,,,,,,,,,,,,,,,
,3988427601,299.9541016,-22627.2334,-0.373230025,1.88E-05,1,0.999551974,38.01703262,1.78597939,16.66999981,-3.486626986,-0.589253834,25,0.000131568,-0.373220584,-0.000102998,299.9541016,299.9541016,-22651.66992,-22602.79688,55.02117635,18.01491371,7.26403141,0,0,0,38,299.9393921,1,6,1,,,1.702270508,56.20723343,,,,,,,,,,,,,,,,
,3988427622,299.9541016,-21579.57422,-0.3729335,2.42E-05,1,0.999551974,38.01703262,1.785947823,16.66999981,-3.483835895,-0.588543438,25,0.000156355,-0.372924078,-7.81E-05,299.9541016,299.9541016,-21603.82227,-21555.32617,54.7648022,18.01588047,7.266295433,0,0,0,38,299.9378052,1,6,1,,,1.698608398,56.20723343,,,,,,,,,,,,,,,,
,3988427641,299.9541016,-20631.13379,-0.372622582,2.65E-05,1,0.999551974,38.01703262,1.785996186,16.66999981,-3.480990419,-0.588264535,25,0.000135267,-0.372613151,-9.90E-05,299.9541016,299.9541016,-20655.75586,-20606.51172,54.82186108,18.01606355,7.267200947,0,0,0,38,299.9396667,1,6,1,,,1.698303223,56.20723343,,,,,,,,,,,,,,,,
,3988427660,299.9541016,-19680.48145,-0.372305925,2.40E-05,1,0.999551974,38.01703262,1.785925629,16.66999981,-3.477886742,-0.587806544,25,0.000128274,-0.372296494,-0.000105849,299.9541016,299.9541016,-19704.87305,-19656.08984,54.9813133,18.01732658,7.268484116,0,0,0,38,299.9353638,1,6,1,,,1.702270508,56.20723343,,,,,,,,,,,,,,,,
,3988427679,299.9541016,-18735.5332,-0.371962697,2.57E-05,1,0.999551974,38.01703262,1.7859735,16.66999981,-3.474822485,-0.586979818,25,0.000160341,-0.371953291,-7.36E-05,299.9541016,299.9541016,-18759.41211,-18711.6543,54.96411747,18.01636058,7.270747185,0,0,0,38,299.9388123,1,6,1,,,1.698303223,56.69599533,,,,,,,,,,,,,,,,
,3988427698,299.9541016,-17789.49023,-0.371595187,3.31E-05,1,0.999551974,38.01703262,1.785883683,16.66999981,-3.471166522,-0.586676679,25,0.000127498,-0.371585766,-0.000106265,299.9541016,299.9541016,-17813.55078,-17765.42969,54.86485065,18.01594645,7.271987438,0,0,0,38,299.9363708,1,6,1,,,1.69708252,56.20723343,,,,,,,,,,,,,,,,
,3988427716,299.9541016,-16892.05176,-0.371222613,1.55E-05,1,0.999551974,38.01703262,1.785878473,16.66999981,-3.467693919,-0.585982641,25,0.00013856,-0.371213206,-9.50E-05,299.9541016,299.9541016,-16916.65039,-16867.45313,54.89533416,18.01747278,7.273663521,0,0,0,38,299.9373779,1,6,1,,,1.699676514,56.20723343,,,,,,,,,,,,,,,,
,3988427733,299.9541016,-16043.27002,-0.370857482,2.69E-05,1,0.999551974,38.01703262,1.785900937,16.66999981,-3.464319541,-0.585450194,25,0.000134531,-0.370848078,-9.88E-05,299.9541016,299.9541016,-16067.71777,-16018.82227,54.9430135,18.01732685,7.274355412,0,0,0,38,299.9389343,1,6,1,,,1.701965332,56.20723343,,,,,,,,,,,,,,,,
,3988427750,299.9541016,-15194.50342,-0.370461212,2.42E-05,1,0.999551974,38.01703262,1.785847115,16.66999981,-3.460534879,-0.584694089,25,0.000146552,-0.370451822,-8.66E-05,299.9541016,299.9541016,-15218.90625,-15170.10059,55.01648658,18.0182746,7.276053905,0,0,0,38,299.9399414,1,6,1,,,1.703948975,56.69599533,,,,,,,,,,,,,,,,
,3988427766,299.9541016,-14398.76318,-0.370093131,1.22E-05,1,0.999551974,38.01703262,1.785895207,16.66999981,-3.45719194,-0.584103506,25,0.000149122,-0.370083749,-8.38E-05,299.9541016,299.9541016,-14423.57129,-14373.95508,55.10871875,18.0171574,7.277182102,0,0,0,38,299.9406738,1,6,1,,,1.703186035,56.20723343,,,,,,,,,,,,,,,,
,3988427783,299.9541016,-13553.80811,-0.369636694,2.83E-05,1,0.999551974,38.01703262,1.785860454,16.66999981,-3.452821381,-0.583613959,25,0.000123072,-0.369627305,-0.000109647,299.9541016,299.9541016,-13578.23047,-13529.38574,55.09464944,18.01788403,7.279043674,0,0,0,38,299.9416809,1,6,1,,,1.697235107,56.20723343,,,,,,,,,,,,,,,,
,3988427798,299.9541016,-12803.27783,-0.369176576,2.41E-05,1,0.999551974,38.01703262,1.785880931,16.66999981,-3.448625858,-0.582517279,25,0.000163284,-0.369167221,-6.92E-05,299.9541016,299.9541016,-12828.29297,-12778.2627,55.00085401,18.01760398,7.27893734,0,0,0,38,299.9407959,1,6,1,,,1.697692871,56.20723343,,,,,,,,,,,,,,,,
,3988427813,299.9541016,-12054.92627,-0.368699139,2.63E-05,1,0.999551974,38.01703262,1.785872614,16.66999981,-3.444135095,-0.581850458,25,0.000153557,-0.368689787,-7.86E-05,299.9541016,299.9541016,-12079.71777,-12030.13477,54.95317467,18.01954081,7.281353474,0,0,0,38,299.9388123,1,6,1,,,1.698455811,56.69599533,,,,,,,,,,,,,,,,
,3988427828,299.9541016,-11309.42139,-0.368176779,3.08E-05,1,0.999551974,38.01703262,1.785884814,16.66999981,-3.439289838,-0.580963306,25,0.00016051,-0.368167442,-7.14E-05,299.9541016,299.9541016,-11334.23145,-11284.61133,55.0250845,18.0182713,7.281995773,0,0,0,38,299.9372253,1,6,1,,,1.703796387,56.20723343,,,,,,,,,,,,,,,,
,3988427842,299.9541016,-10612.12109,-0.367644813,2.32E-05,1,0.999551974,38.01703262,1.78586557,16.66999981,-3.434264751,-0.580233059,25,0.000147964,-0.36763548,-8.36E-05,299.9541016,299.9541016,-10640.18652,-10584.05566,54.97740516,18.01893262,7.28290844,0,0,0,38,299.9371033,1,6,1,,,1.702728271,56.20723343,,,,,,,,,,,,,,,,
,3988427856,299.9541016,-9915.589355,-0.367058598,2.72E-05,1,0.999551974,38.01703262,1.785882693,16.66999981,-3.428825904,-0.579283912,25,0.000150903,-0.367049279,-8.03E-05,299.9541016,299.9541016,-9940.211914,-9890.966797,54.96724399,18.01964475,7.283510208,0,0,0,38,299.9352417,1,6,1,,,1.702728271,56.20723343,,,,,,,,,,,,,,,,
,3988427869,299.9541016,-9267.530273,-0.366470944,1.18E-05,1,0.999551974,38.01703262,1.785867332,16.66999981,-3.42330625,-0.578359415,25,0.000149852,-0.366461637,-8.10E-05,299.9541016,299.9541016,-9291.738281,-9243.322266,54.85859762,18.01939082,7.284674644,0,0,0,38,299.9373779,1,6,1,,,1.702423096,56.20723343,,,,,,,,,,,,,,,,
,3988427882,299.9541016,-8621.859863,-0.36578804,2.23E-05,1,0.999551974,38.01703262,1.785789337,16.66999981,-3.416809795,-0.577086542,25,0.000167845,-0.365778761,-6.27E-05,299.9541016,299.9541016,-8646.222656,-8597.49707,54.92581767,18.02055074,7.285698891,0,0,0,38,299.9362183,1,6,1,,,1.698303223,56.69599533,,,,,,,,,,,,,,,,
,3988427894,299.9541016,-8024.008057,-0.365079482,3.82E-05,1,0.999551974,38.01703262,1.785784707,16.66999981,-3.410166263,-0.576063145,25,0.000157273,-0.365070212,-7.28E-05,299.9541016,299.9541016,-8048.823242,-7999.192871,55.0141417,18.01959958,7.286359787,0,0,0,38,299.9359436,1,6,1,,,1.703643799,56.20723343,,,,,,,,,,,,,,,,
,3988427906,299.9541016,-7425.958252,-0.364308669,1.98E-05,1,0.999551974,38.01703262,1.785814372,16.66999981,-3.403013128,-0.574905741,25,0.000151661,-0.364299413,-7.79E-05,299.9541016,299.9541016,-7450.608887,-7401.307617,54.82264271,18.02120243,7.286800385,0,0,0,38,299.9403687,1,6,1,,,1.697540283,56.69599533,,,,,,,,,,,,,,,,
,3988427918,299.9541016,-6832.482422,-0.363384253,1.53E-05,1,0.999551974,38.01703262,1.785780913,16.66999981,-3.394303679,-0.573508342,25,0.000143598,-0.363375014,-8.55E-05,299.9541016,299.9541016,-6856.89502,-6808.069824,55.0305559,18.02037522,7.288240433,0,0,0,38,299.9393921,1,6,1,,,1.697998047,56.69599533,,,,,,,,,,,,,,,,
,3988427929,299.9541016,-6284.084229,-0.362411504,3.01E-05,1,0.999551974,38.01703262,1.785828269,16.66999981,-3.385322259,-0.571887744,25,0.000153963,-0.362402294,-7.45E-05,299.9541016,299.9541016,-6311.692383,-6256.476074,54.95004816,18.01992721,7.28910017,0,0,0,38,299.9363708,1,6,1,,,1.701812744,56.20723343,,,,,,,,,,,,,,,,
,3988427939,299.9541016,-5783.687012,-0.361376741,2.91E-05,1,0.999551974,38.01703262,1.785803662,16.66999981,-3.3756085,-0.570261253,25,0.000152035,-0.361367556,-7.58E-05,299.9541016,299.9541016,-5808.309082,-5759.064941,54.97193376,18.01946611,7.289357662,0,0,0,38,299.938385,1,6,1,,,1.699676514,55.71847534,,,,,,,,,,,,,,,,
,3988427950,299.9541016,-5238.215332,-0.360032681,2.61E-05,1,0.999551974,38.01703262,1.785782148,16.66999981,-3.363027985,-0.568050963,25,0.000160335,-0.360023533,-6.67E-05,299.9541016,299.9541016,-5262.640137,-5213.790527,54.97427864,18.01916175,7.289857388,0,0,0,38,299.9373779,1,6,1,,,1.701202393,56.69599533,,,,,,,,,,,,,,,,
,3988427960,299.9541016,-4740.121094,-0.358513182,3.01E-05,1,0.999551974,38.01703262,1.78576628,16.66999981,-3.348778401,-0.565807791,25,0.000142633,-0.358504062,-8.34E-05,299.9541016,299.9541016,-4764.948242,-4715.293945,54.96568073,18.02040327,7.290357113,0,0,0,38,299.9378052,1,6,1,,,1.698455811,56.20723343,,,,,,,,,,,,,,,,
,3988427968,299.9541016,-4339.017822,-0.357036878,1.31E-05,1,0.999551974,38.01703262,1.78575545,16.66999981,-3.334986245,-0.563371572,25,0.000153082,-0.3570278,-7.21E-05,299.9541016,299.9541016,-4363.420898,-4314.614746,54.92034628,18.02120208,7.291577816,0,0,0,38,299.9373779,1,6,1,,,1.703796387,56.20723343,,,,,,,,,,,,,,,,
,3988427977,299.9541016,-3890.291504,-0.354979929,1.50E-05,1,0.999551974,38.01703262,1.78575617,16.66999981,-3.31576059,-0.56020609,25,0.000143652,-0.354970897,-8.02E-05,299.9541016,299.9541016,-3915.092285,-3865.490723,54.97662353,18.02236099,7.291492462,0,0,0,38,299.9349365,1,6,1,,,1.703033447,56.20723343,,,,,,,,,,,,,,,,
,3988427985,299.9541016,-3491.626831,-0.352651044,1.82E-05,1,0.999551974,38.01703262,1.785743475,16.66999981,-3.293995441,-0.55646079,25,0.000149802,-0.352642075,-7.26E-05,299.9541016,299.9541016,-3516.446777,-3466.806885,54.87657508,18.02147992,7.292313576,0,0,0,38,299.938385,1,6,1,,,1.703338623,56.20723343,,,,,,,,,,,,,,,,
,3988427993,299.9541016,-3093.964111,-0.349517875,3.22E-05,1,0.999551974,38.01703262,1.785740548,16.66999981,-3.264725906,-0.5515065,25,0.000149497,-0.349508985,-7.09E-05,299.9541016,299.9541016,-3118.748291,-3069.179932,55.07120058,18.02200721,7.292769432,0,0,0,38,299.9386597,1,6,1,,,1.704406738,56.69599533,,,,,,,,,,,,,,,,
,3988428001,299.9541016,-2699.946899,-0.345129211,1.70E-05,1,0.999551974,38.01703262,1.785760231,16.66999981,-3.223789155,-0.544460778,25,0.000161196,-0.345120441,-5.65E-05,299.9541016,299.9541016,-2724.350098,-2675.543701,54.9265993,18.02098124,7.293582439,0,0,0,38,299.9369507,1,6,1,,,1.697692871,56.20723343,,,,,,,,,,,,,,,,
,3988428007,299.9541016,-2398.118408,-0.340532473,3.58E-05,1,0.999551974,38.01703262,1.785795172,16.66999981,-3.180862002,-0.537519336,25,0.000126952,-0.340523798,-8.78E-05,299.9541016,299.9541016,-2422.897705,-2373.339111,55.00007238,18.02108912,7.294034958,0,0,0,38,299.9372253,1,6,1,,,1.699523926,56.20723343,,,,,,,,,,,,,,,,
,3988428014,299.9541016,-2049.619202,-0.332655681,6.02E-05,1,0.999551974,38.01703262,1.785765452,16.66999981,-3.107266915,-0.524891703,25,0.000143919,-0.332647218,-6.59E-05,299.9541016,299.9541016,-2077.105713,-2022.13269,54.95473793,18.02006199,7.294576168,0,0,0,38,299.9353638,1,6,1,,,1.702575684,56.20723343,,,,,,,,,,,,,,,,
,3988428020,299.9541016,-1749.023987,-0.322104033,9.07E-05,1,0.999551974,38.01703262,1.785764881,16.66999981,-3.008742514,-0.508022204,25,0.000162924,-0.322095853,-4.03E-05,299.9541016,299.9541016,-1773.381836,-1724.666138,54.99616424,18.02025296,7.294671535,0,0,0,38,299.9367981,1,6,1,,,1.703186035,56.69599533,,,,,,,,,,,,,,,,
,3988428025,299.9541016,-1500.666138,-0.30867802,0.000135772,1,0.999551974,38.01703262,1.785827326,16.66999981,-2.883456954,-0.486705074,25,0.000173087,-0.308670191,-2.16E-05,299.9541016,299.9541016,-1522.473999,-1478.858276,55.09543106,18.01942626,7.294874668,0,0,0,38,299.9371033,1,6,1,,,1.703491211,55.71847534,,,,,,,,,,,,,,,,
,3988428030,299.9541016,-1252.434509,-0.288601882,0.000203044,1,0.999551974,38.01703262,1.785768211,16.66999981,-2.695787845,-0.455297085,25,0.000133825,-0.288594545,-4.82E-05,299.9541016,299.9541016,-1276.642456,-1228.226563,54.84843645,18.01986426,7.295109272,0,0,0,38,299.9388123,1,6,1,,,1.702575684,57.18475342,,,,,,,,,,,,,,,,
,3988428035,299.9541016,-1001.688507,-0.259139364,0.000293139,1,0.999551974,38.01703262,1.785751343,16.66999981,-2.420601679,-0.408569613,25,0.000146265,-0.259132792,-1.72E-05,299.9541016,299.9541016,-1026.105957,-977.2710571,54.99381936,18.02110618,7.29531908,0,0,0,38,299.940094,1,6,1,,,1.698455811,56.20723343,,,,,,,,,,,,,,,,
,3988428039,299.9541016,-804.9108582,-0.226930097,0.00037858,1,0.999551974,38.01703262,1.785721883,16.66999981,-2.119732211,-0.357609217,25,0.000146523,-0.226924353,3.36E-06,299.9541016,299.9541016,-829.9188232,-779.9028931,54.97271539,18.01968416,7.295919418,0,0,0,38,299.9407959,1,6,1,,,1.702575684,56.69599533,,,,,,,,,,,,,,,,
,3988428043,299.9541016,-605.961731,-0.186209128,0.000472938,1,0.999551974,38.01703262,1.785729922,16.66999981,-1.739397666,-0.293272182,25,0.000138213,-0.186204426,2.07E-05,299.9541016,299.9541016,-633.5935669,-578.329895,54.9594277,18.02081092,7.296520233,0,0,0,38,299.9402466,1,6,1,,,1.698303223,56.20723343,,,,,,,,,,,,,,,,
,3988428046,299.9541016,-453.5878448,-0.149303937,0.000548266,1,0.999551974,38.01703262,1.785770883,16.66999981,-1.394729206,-0.234945277,25,0.000133084,-0.149300181,3.89E-05,299.9541016,299.9541016,-478.6076965,-428.5679932,54.98443981,18.02180921,7.296118259,0,0,0,38,299.938385,1,6,1,,,1.702728271,56.20723343,,,,,,,,,,,,,,,,
,3988428049,299.9541016,-304.1473999,-0.106979635,0.000628455,1,0.999551974,38.01703262,1.785756489,16.66999981,-0.999390852,-0.168083443,25,0.000123069,-0.106976961,5.56E-05,299.9541016,299.9541016,-328.9648438,-279.3299561,54.86719554,18.02001878,7.296670914,0,0,0,38,299.9372253,1,6,1,,,1.699676514,56.69599533,,,,,,,,,,,,,,,,
,3988428051,299.9541016,-204.2942429,-0.075337248,0.000680715,1,0.999551974,38.01703262,1.785761671,16.66999981,-0.703837175,-0.118110179,25,0.000114286,-0.075335382,6.68E-05,299.9541016,299.9541016,-228.8997803,-179.6887054,55.01179681,18.02077716,7.296505451,0,0,0,38,299.938385,1,6,1,,,1.702423096,56.69599533,,,,,,,,,,,,,,,,
,3988428053,299.9541016,-106.545929,-0.040534457,0.000767527,1,0.999551974,38.01703262,1.78574937,16.66999981,-0.378772019,-0.063063559,25,0.000113313,-0.040533486,8.77E-05,299.9541016,299.9541016,-131.1205139,-81.97134399,55.04071707,18.02066424,7.296866417,0,0,0,38,299.9382324,1,6,1,,,1.700134277,56.69599533,,,,,,,,,,,,,,,,
,3988428056,299.9541016,58.36642456,0.000282677,0.000934694,1,0.999551974,38.01703262,1.785773425,16.66999981,0.002455576,0.001529693,2.5,0.000115979,0.000282597,0.000116155,299.9541016,299.9541016,58.36642456,58.36642456,54.91721976,18.02023015,7.297112465,0,0,0,38,299.9382324,1,6,1,,,1.702880859,56.69599533,,,,,,,,,,,,,,,,
,3988428057,299.9541016,101.5915947,0.040223824,0.000752957,1,0.999551974,38.01703262,1.785769541,16.66999981,0.375382163,0.064366752,2.5,8.21E-05,0.040222737,0.000107494,299.9541016,299.9541016,83.58150482,119.6016846,54.99929076,18.02073725,7.296899319,0,0,0,38,299.9399414,1,6,1,,,1.704101563,56.20723343,,,,,,,,,,,,,,,,
,3988428058,299.9541016,145.03582,0.057807522,0.000708496,1,0.999551974,38.01703262,1.785726844,16.66999981,0.539538372,0.092077802,2.5,7.25E-05,0.057805989,0.000109016,299.9541016,299.9541016,119.6016846,170.4699554,54.99538261,18.0210884,7.296914101,0,0,0,38,299.9378052,1,6,1,,,1.698150635,56.20723343,,,,,,,,,,,,,,,,
,3988428060,299.9541016,245.1461411,0.090258152,0.000640056,1,0.999551974,38.01703262,1.785729834,16.66999981,0.842515853,0.143160076,2.5,4.83E-05,0.0902558,0.000105254,299.9541016,299.9541016,220.9096527,269.3826294,54.86094251,18.02212509,7.29730463,0,0,0,38,299.9389343,1,6,1,,,1.701812744,56.20723343,,,,,,,,,,,,,,,,
,3988428063,299.9541016,388.2006531,0.133313945,0.000558553,1,0.999551974,38.01703262,1.78576409,16.66999981,1.244510633,0.2110626,2.5,2.93E-05,0.133310497,0.000113365,299.9541016,299.9541016,366.1999512,410.201355,54.84609157,18.02133713,7.297101498,0,0,0,38,299.9393921,1,6,1,,,1.702880859,56.20723343,,,,,,,,,,,,,,,,
,3988428066,299.9541016,555.1868286,0.158885283,0.000508046,1,0.999551974,38.01703262,1.785751423,16.66999981,1.484011561,0.251238328,25,-1.12E-05,0.158881204,8.91E-05,299.9541016,299.9541016,555.1868286,555.1868286,54.93988699,18.02100278,7.298074245,0,0,0,38,299.9393921,1,6,1,,,1.701202393,57.18475342,,,,,,,,,,,,,,,,
,3988428069,299.9541016,692.4269104,0.203665232,0.000417796,1,0.999551974,38.01703262,1.785746818,16.66999981,1.902288171,0.321867758,25,-3.34E-05,0.203660015,9.51E-05,299.9541016,299.9541016,667.6571045,717.1967163,54.97740516,18.02169841,7.297517776,0,0,0,38,299.9399414,1,6,1,,,1.702270508,55.71847534,,,,,,,,,,,,,,,,
,3988428072,299.9541016,841.972168,0.231521888,0.000361345,1,0.999551974,38.01703262,1.785707151,16.66999981,2.162463357,0.365685775,25,-5.92E-05,0.231515971,8.69E-05,299.9541016,299.9541016,817.12854,866.8157959,54.98991121,18.02114916,7.298273087,0,0,0,38,299.9403687,1,6,1,,,1.704406738,56.20723343,,,,,,,,,,,,,,,,
,3988428076,299.9541016,1040.111694,0.261982754,0.000280466,1,0.999551974,38.01703262,1.785760707,16.66999981,2.447053183,0.413768909,25,-7.14E-05,0.261976062,9.39E-05,299.9541016,299.9541016,1015.734741,1064.488647,54.95317467,18.02146093,7.297687054,0,0,0,38,299.9406738,1,6,1,,,1.702728271,56.69599533,,,,,,,,,,,,,,,,
,3988428081,299.9541016,1291.3125,0.290255534,0.000198494,1,0.999551974,38.01703262,1.785761313,16.66999981,2.711134821,0.458431328,25,-7.81E-05,0.290248119,0.000104951,299.9541016,299.9541016,1266.290283,1316.334717,54.89924231,18.02002474,7.297908783,0,0,0,38,299.9411011,1,6,1,,,1.702728271,56.69599533,,,,,,,,,,,,,,,,
,3988428086,299.9541016,1541.491821,0.30975621,0.000134384,1,0.999551974,38.01703262,1.785743844,16.66999981,2.893339331,0.488718671,25,-0.000137724,0.309748332,5.77E-05,299.9541016,299.9541016,1519.645874,1563.337769,54.86485065,18.02100949,7.298660278,0,0,0,38,299.9398193,1,6,1,,,1.700286865,56.69599533,,,,,,,,,,,,,,,,
,3988428091,299.9541016,1792.632996,0.322885594,8.95E-05,1,0.999551974,38.01703262,1.785716626,16.66999981,3.015917651,0.509510381,25,-0.00013452,0.322877377,6.92E-05,299.9541016,299.9541016,1767.796509,1817.469482,54.88048322,18.02218251,7.298903465,0,0,0,38,299.9379578,1,6,1,,,1.697998047,56.20723343,,,,,,,,,,,,,,,,
,3988428097,299.9541016,2092.444946,0.333199095,6.22E-05,1,0.999551974,38.01703262,1.78575084,16.66999981,3.112289245,0.525914097,25,-0.000126041,0.333190607,8.41E-05,299.9541016,299.9541016,2067.36792,2117.521973,54.90627696,18.02116775,7.299510956,0,0,0,38,299.9379578,1,6,1,,,1.699523926,56.20723343,,,,,,,,,,,,,,,,
,3988428103,299.9541016,2413.088379,0.340878901,4.93E-05,1,0.999551974,38.01703262,1.785700523,16.66999981,3.183982693,0.537743065,25,-0.000158684,0.340870238,5.63E-05,299.9541016,299.9541016,2360.529541,2465.647217,54.92034628,18.02212738,7.300130367,0,0,0,38,299.9392395,1,6,1,,,1.704101563,57.18475342,,,,,,,,,,,,,,,,
,3988428111,299.9541016,2788.962158,0.345999158,3.17E-05,1,0.999551974,38.01703262,1.785750391,16.66999981,3.231875476,0.545961658,25,-0.000147528,0.345990357,7.07E-05,299.9541016,299.9541016,2764.551758,2813.372559,55.07041895,18.0231634,7.299772263,0,0,0,38,299.9376526,1,6,1,,,1.702880859,56.69599533,,,,,,,,,,,,,,,,
,3988428118,299.9541016,3136.589722,0.349665431,3.56E-05,1,0.999551974,38.01703262,1.785713904,16.66999981,3.266040007,0.551828454,25,-0.000139153,0.349656531,8.14E-05,299.9541016,299.9541016,3114.7771,3158.402344,55.1595246,18.02247037,7.300178051,0,0,0,38,299.9371033,1,6,1,,,1.700744629,56.69599533,,,,,,,,,,,,,,,,
,3988428126,299.9541016,3534.335571,0.352708511,3.08E-05,1,0.999551974,38.01703262,1.785740114,16.66999981,3.294560686,0.556346512,25,-0.00017166,0.352699554,5.08E-05,299.9541016,299.9541016,3509.727783,3558.943359,54.92034628,18.02268144,7.301394939,0,0,0,38,299.935791,1,6,1,,,1.697692871,58.16226959,,,,,,,,,,,,,,,,
,3988428134,299.9541016,3932.274414,0.355057288,2.89E-05,1,0.999551974,38.01703262,1.785734758,16.66999981,3.316487329,0.560067201,25,-0.000170919,0.355048271,5.30E-05,299.9541016,299.9541016,3905.178223,3959.370605,54.91721976,18.02059553,7.302405834,0,0,0,38,299.9388123,1,6,1,,,1.704101563,56.20723343,,,,,,,,,,,,,,,,
,3988428143,299.9541016,4381.283447,0.357110529,3.88E-05,1,0.999551974,38.01703262,1.785726621,16.66999981,3.335621957,0.56347609,25,-0.000153411,0.35710145,7.18E-05,299.9541016,299.9541016,4353.663574,4408.90332,54.90315045,18.02015155,7.302501202,0,0,0,38,299.9392395,1,6,1,,,1.697998047,56.20723343,,,,,,,,,,,,,,,,
,3988428152,299.9541016,4829.512207,0.358719155,2.74E-05,1,0.999551974,38.01703262,1.785680523,16.66999981,3.350540655,0.566130667,25,-0.000140096,0.358710027,8.61E-05,299.9541016,299.9541016,4807.949707,4851.074707,55.00398053,18.02095852,7.302567005,0,0,0,38,299.9371033,1,6,1,,,1.702880859,54.74095917,,,,,,,,,,,,,,,,
,3988428162,299.9541016,5326.854248,0.360176027,2.40E-05,1,0.999551974,38.01703262,1.785696779,16.66999981,3.364150001,0.568601823,25,-0.000122783,0.360166852,0.000104297,299.9541016,299.9541016,5302.69873,5351.009766,54.90705859,18.0217582,7.30299139,0,0,0,38,299.9393921,1,6,1,,,1.702880859,55.71847534,,,,,,,,,,,,,,,,
,3988428172,299.9541016,5823.631836,0.361384931,2.98E-05,1,0.999551974,38.01703262,1.785726678,16.66999981,3.375535735,0.570290165,25,-0.000147748,0.361375742,8.01E-05,299.9541016,299.9541016,5795.818848,5851.444824,54.95630119,18.02216004,7.30418396,0,0,0,38,299.9363708,1,6,1,,,1.704101563,57.18475342,,,,,,,,,,,,,,,,
,3988428182,299.9541016,6317.361084,0.362430799,3.03E-05,1,0.999551974,38.01703262,1.78570811,16.66999981,3.385321159,0.571634333,25,-0.000180328,0.362421605,4.81E-05,299.9541016,299.9541016,6289.953125,6344.769043,54.98756633,18.02283855,7.305205822,0,0,0,38,299.9360962,1,6,1,,,1.702728271,56.69599533,,,,,,,,,,,,,,,,
,3988428193,299.9541016,6875.002686,0.36341071,3.31E-05,1,0.999551974,38.01703262,1.785683745,16.66999981,3.394386472,0.573422077,25,-0.000154043,0.363401477,7.50E-05,299.9541016,299.9541016,6850.40918,6899.596191,54.78356128,18.02272286,7.30528307,0,0,0,38,299.9389343,1,6,1,,,1.69921875,56.69599533,,,,,,,,,,,,,,,,
,3988428205,299.9541016,7472.650146,0.364330385,2.47E-05,1,0.999551974,38.01703262,1.785687487,16.66999981,3.402990067,0.574836033,25,-0.000158519,0.364321133,7.11E-05,299.9541016,299.9541016,7447.637207,7497.663086,54.98209493,18.02385832,7.305961132,0,0,0,38,299.941803,1,6,1,,,1.699066162,56.20723343,,,,,,,,,,,,,,,,
,3988428217,299.9541016,8072.692627,0.365136585,3.07E-05,1,0.999551974,38.01703262,1.78565777,16.66999981,3.410473805,0.576045101,25,-0.000164582,0.365127318,6.55E-05,299.9541016,299.9541016,8045.070313,8100.314941,54.95239304,18.02348678,7.306645393,0,0,0,38,299.9402466,1,6,1,,,1.697998047,56.20723343,,,,,,,,,,,,,,,,
,3988428229,299.9541016,8669.685547,0.365813413,2.81E-05,1,0.999551974,38.01703262,1.785671189,16.66999981,3.416805781,0.577205328,25,-0.00015542,0.365804125,7.51E-05,299.9541016,299.9541016,8645.265625,8694.105469,55.04853335,18.02374691,7.3071208,0,0,0,38,299.9393921,1,6,1,,,1.703796387,56.20723343,,,,,,,,,,,,,,,,
,3988428242,299.9541016,9319.845703,0.36651517,1.87E-05,1,0.999551974,38.01703262,1.785681008,16.66999981,3.423364096,0.578402871,25,-0.000146362,0.366505861,8.46E-05,299.9541016,299.9541016,9292.056641,9347.634766,55.0141417,18.02291032,7.307020664,0,0,0,38,299.9409485,1,6,1,,,1.701660156,55.71847534,,,,,,,,,,,,,,,,
,3988428255,299.9541016,9966.198242,0.367102709,3.78E-05,1,0.999551974,38.01703262,1.785645001,16.66999981,3.42878775,0.579297784,25,-0.000148804,0.367093388,8.25E-05,299.9541016,299.9541016,9941.364258,9991.032227,54.91409325,18.02377294,7.308671474,0,0,0,38,299.9369507,1,6,1,,,1.698913574,56.69599533,,,,,,,,,,,,,,,,
,3988428269,299.9541016,10662.60547,0.367680466,3.37E-05,1,0.999551974,38.01703262,1.785707741,16.66999981,3.434322073,0.580112306,25,-0.000161553,0.36767114,7.01E-05,299.9541016,299.9541016,10638.17578,10687.03516,55.03837218,18.02171417,7.30918169,0,0,0,38,299.9350891,1,6,1,,,1.703948975,56.20723343,,,,,,,,,,,,,,,,
,3988428283,299.9541016,11360.71582,0.368228738,3.56E-05,1,0.999551974,38.01703262,1.785627007,16.66999981,3.439300769,0.580893877,25,-0.00016795,0.368219405,6.40E-05,299.9541016,299.9541016,11335.94141,11385.49023,54.9867847,18.02332123,7.309880257,0,0,0,38,299.9367981,1,6,1,,,1.704559326,55.71847534,,,,,,,,,,,,,,,,
,3988428298,299.9541016,12105.14404,0.368749207,9.47E-06,1,0.999551974,38.01703262,1.785638948,16.66999981,3.444133416,0.582020898,25,-0.000135805,0.368739843,9.64E-05,299.9541016,299.9541016,12077.8125,12132.47559,54.96724399,18.0239548,7.311074257,0,0,0,38,299.9362183,1,6,1,,,1.704406738,56.69599533,,,,,,,,,,,,,,,,
,3988428313,299.9541016,12853.58301,0.369221818,3.60E-05,1,0.999551974,38.01703262,1.785595238,16.66999981,3.448480106,0.582663634,25,-0.000145504,0.36921245,8.70E-05,299.9541016,299.9541016,12832.3418,12874.82422,55.03290078,18.02462638,7.311983585,0,0,0,38,299.9372253,1,6,1,,,1.699523926,56.20723343,,,,,,,,,,,,,,,,
,3988428329,299.9541016,13645.82373,0.369679666,4.43E-05,1,0.999551974,38.01703262,1.785639665,16.66999981,3.452842761,0.583386912,25,-0.000147092,0.36967029,8.56E-05,299.9541016,299.9541016,13623.99902,13667.64844,54.90393208,18.02487851,7.312700272,0,0,0,38,299.9399414,1,6,1,,,1.699829102,55.71847534,,,,,,,,,,,,,,,,
,3988428345,299.9541016,14443.57275,0.37012838,3.20E-05,1,0.999551974,38.01703262,1.785670112,16.66999981,3.45712705,0.583895121,25,-0.000169684,0.370119011,6.33E-05,299.9541016,299.9541016,14418.74805,14468.39746,55.04384358,18.02401157,7.313414097,0,0,0,38,299.9379578,1,6,1,,,1.701507568,56.69599533,,,,,,,,,,,,,,,,
,3988428361,299.9541016,15244.06152,0.370512842,2.04E-05,1,0.999551974,38.01703262,1.785692758,16.66999981,3.460742185,0.584620285,25,-0.000157899,0.370503458,7.53E-05,299.9541016,299.9541016,15216.47266,15271.65039,54.91878302,18.02363636,7.314609528,0,0,0,38,299.9411011,1,6,1,,,1.705169678,56.20723343,,,,,,,,,,,,,,,,
,3988428378,299.9541016,16089.72998,0.370903576,3.85E-05,1,0.999551974,38.01703262,1.785701323,16.66999981,3.464412649,0.585212721,25,-0.000160902,0.370894187,7.25E-05,299.9541016,299.9541016,16067.71094,16111.74902,54.93597885,18.02318293,7.315626621,0,0,0,38,299.9411011,1,6,1,,,1.701507568,56.69599533,,,,,,,,,,,,,,,,
,3988428395,299.9541016,16941.93555,0.371302197,2.94E-05,1,0.999551974,38.01703262,1.785652885,16.66999981,3.468032259,0.585894718,25,-0.000153691,0.371292797,7.99E-05,299.9541016,299.9541016,16917.52344,16966.34766,54.85625274,18.02442673,7.315907478,0,0,0,38,299.9363708,1,6,1,,,1.703491211,56.20723343,,,,,,,,,,,,,,,,
,3988428413,299.9541016,17838.0625,0.37164467,2.88E-05,1,0.999551974,38.01703262,1.785616155,16.66999981,3.471179192,0.586316739,25,-0.000165204,0.371635272,6.86E-05,299.9541016,299.9541016,17810.42578,17865.69922,54.96802561,18.02372214,7.316576958,0,0,0,38,299.9382324,1,6,1,,,1.699066162,56.20723343,,,,,,,,,,,,,,,,
,3988428432,299.9541016,18783.1748,0.372007333,3.23E-05,1,0.999551974,38.01703262,1.785629278,16.66999981,3.474560262,0.587077639,25,-0.000145564,0.371997916,8.84E-05,299.9541016,299.9541016,18758.12305,18808.22656,55.02977427,18.02353283,7.317240238,0,0,0,38,299.9379578,1,6,1,,,1.702423096,56.69599533,,,,,,,,,,,,,,,,
,3988428451,299.9541016,19729.6123,0.37233183,2.94E-05,1,0.999551974,38.01703262,1.785650846,16.66999981,3.47765882,0.587439755,25,-0.000162451,0.37232242,7.17E-05,299.9541016,299.9541016,19704.5918,19754.63281,55.0360273,18.02427506,7.319070339,0,0,0,38,299.9379578,1,6,1,,,1.712036133,56.69599533,,,,,,,,,,,,,,,,
,3988428470,299.9541016,20678.79688,0.372673273,2.22E-05,1,0.999551974,38.01703262,1.785624241,16.66999981,3.480775999,0.588095206,25,-0.000149138,0.372663849,8.52E-05,299.9541016,299.9541016,20651.16016,20706.43359,54.84765482,18.02346877,7.32018137,0,0,0,38,299.9380798,1,6,1,,,1.699829102,56.20723343,,,,,,,,,,,,,,,,
,3988428490,299.9541016,21673.64648,0.37299273,3.69E-05,1,0.999551974,38.01703262,1.785598335,16.66999981,3.483716006,0.588557192,25,-0.000152835,0.372983305,8.16E-05,299.9541016,299.9541016,21645.83398,21701.45898,54.92034628,18.02569824,7.320158482,0,0,0,38,299.9390869,1,6,1,,,1.70135498,56.20723343,,,,,,,,,,,,,,,,
,3988428510,299.9541016,22669.83105,0.37328792,2.76E-05,1,0.999551974,38.01703262,1.785614935,16.66999981,3.486497923,0.589069125,25,-0.000148543,0.373278489,8.61E-05,299.9541016,299.9541016,22645.81836,22693.84375,54.90862185,18.02555507,7.321597099,0,0,0,38,299.9402466,1,6,1,,,1.697692871,56.69599533,,,,,,,,,,,,,,,,
,3988428530,299.9541016,23666.26172,0.373563822,3.60E-05,1,0.999551974,38.01703262,1.785600614,16.66999981,3.489045593,0.589510993,25,-0.000147416,0.373554387,8.73E-05,299.9541016,299.9541016,23638.86328,23693.66016,54.95082979,18.02351232,7.322312355,0,0,0,38,299.9388123,1,6,1,,,1.701202393,56.20723343,,,,,,,,,,,,,,,,
,3988428551,299.9541016,24715.08301,0.373851263,3.74E-05,1,0.999551974,38.01703262,1.785647804,16.66999981,3.491879986,0.589629551,25,-0.000184988,0.373841848,4.99E-05,299.9541016,299.9541016,24690.67773,24739.48828,54.95082979,18.02413586,7.324118614,0,0,0,38,299.938385,1,6,1,,,1.697845459,56.20723343,,,,,,,,,,,,,,,,
,3988428573,299.9541016,25810.98242,0.374145251,3.27E-05,1,0.999551974,38.01703262,1.785658094,16.66999981,3.494624234,0.590223188,25,-0.000171521,0.374135825,6.35E-05,299.9541016,299.9541016,25789.18945,25832.77539,55.0469701,18.0249898,7.324217796,0,0,0,38,299.9402466,1,6,1,,,1.697540283,56.20723343,,,,,,,,,,,,,,,,
,3988428595,299.9541016,26909.76758,0.374406267,4.05E-05,1,0.999551974,38.01703262,1.785570492,16.66999981,3.496894056,0.590607793,25,-0.000171457,0.374396839,6.36E-05,299.9541016,299.9541016,26888.43164,26931.10352,55.0141417,18.02520254,7.325345516,0,0,0,38,299.9392395,1,6,1,,,1.701202393,56.69599533,,,,,,,,,,,,,,,,
,3988428619,299.9541016,28001.39258,0.374664763,4.62E-05,1,0.999551974,38.01703262,1.78558126,16.66999981,3.499295452,0.591217583,25,-0.000150264,0.37465532,8.49E-05,299.9541016,299.9541016,28000.37891,28002.40625,54.94770327,18.02594291,7.326834202,0,0,0,38,299.9409485,1,4,1,,,1.703948975,56.20723343,,,,,,,,,,,,,,,,
